#,Name,Weight (kg),Height (m),Type 1,Type 2,Total,HP,Attack,Defense,Sp. Atk,Sp. Def,Speed,Catch rate,Generation,Legendary
1,Bulbasaur,6.9,0.7,Grass,Poison,318,45,49,49,65,65,45,45,1,False
2,Ivysaur,13.0,1.0,Grass,Poison,405,60,62,63,80,80,60,45,1,False
3,Venusaur,100.0,2.0,Grass,Poison,525,80,82,83,100,100,80,45,1,False
4,Charmander,8.5,0.6,Fire,,309,39,52,43,60,50,65,45,1,False
5,Charmeleon,19.0,1.1,Fire,,405,58,64,58,80,65,80,45,1,False
6,Charizard,90.5,1.7,Fire,Flying,534,78,84,78,109,85,100,45,1,False
7,Squirtle,9.0,0.5,Water,,314,44,48,65,50,64,43,45,1,False
8,Wartortle,22.5,1.0,Water,,405,59,63,80,65,80,58,45,1,False
9,Blastoise,85.5,1.6,Water,,530,79,83,100,85,105,78,45,1,False
10,Caterpie,2.9,0.3,Bug,,195,45,30,35,20,20,45,255,1,False
11,Metapod,9.9,0.7,Bug,,205,50,20,55,25,25,30,120,1,False
12,Butterfree,32.0,1.1,Bug,Flying,395,60,45,50,90,80,70,45,1,False
13,Weedle,3.2,0.3,Bug,Poison,195,40,35,30,20,20,50,255,1,False
14,Kakuna,10.0,0.6,Bug,Poison,205,45,25,50,25,25,35,120,1,False
15,Beedrill,29.5,1.0,Bug,Poison,395,65,90,40,45,80,75,45,1,False
16,Pidgey,1.8,0.3,Normal,Flying,251,40,45,40,35,35,56,255,1,False
17,Pidgeotto,30.0,1.1,Normal,Flying,349,63,60,55,50,50,71,120,1,False
18,Pidgeot,39.5,1.5,Normal,Flying,479,83,80,75,70,70,101,45,1,False
19,Rattata,3.5,0.3,Normal,,253,30,56,35,25,35,72,255,1,False
20,Raticate,18.5,0.7,Normal,,413,55,81,60,50,70,97,127,1,False
21,Spearow,2.0,0.3,Normal,Flying,262,40,60,30,31,31,70,255,1,False
22,Fearow,38.0,1.2,Normal,Flying,442,65,90,65,61,61,100,90,1,False
23,Ekans,6.9,2.0,Poison,,288,35,60,44,40,54,55,255,1,False
24,Arbok,65.0,3.5,Poison,,438,60,85,69,65,79,80,90,1,False
25,Pikachu,6.0,0.4,Electric,,320,35,55,40,50,50,90,190,1,False
26,Raichu,30.0,0.8,Electric,,485,60,90,55,90,80,110,75,1,False
27,Sandshrew,12.0,0.6,Ground,,300,50,75,85,20,30,40,255,1,False
28,Sandslash,29.5,1.0,Ground,,450,75,100,110,45,55,65,90,1,False
29,Nidoran♀,7.0,0.4,Poison,,275,55,47,52,40,40,41,235,1,False
30,Nidorina,20.0,0.8,Poison,,365,70,62,67,55,55,56,120,1,False
31,Nidoqueen,60.0,1.3,Poison,Ground,505,90,92,87,75,85,76,45,1,False
32,Nidoran♂,9.0,0.5,Poison,,273,46,57,40,40,40,50,235,1,False
33,Nidorino,19.5,0.9,Poison,,365,61,72,57,55,55,65,120,1,False
34,Nidoking,62.0,1.4,Poison,Ground,505,81,102,77,85,75,85,45,1,False
35,Clefairy,7.5,0.6,Fairy,,323,70,45,48,60,65,35,150,1,False
36,Clefable,40.0,1.3,Fairy,,483,95,70,73,95,90,60,25,1,False
37,Vulpix,9.9,0.6,Fire,,299,38,41,40,50,65,65,190,1,False
38,Ninetales,19.9,1.1,Fire,,505,73,76,75,81,100,100,75,1,False
39,Jigglypuff,5.5,0.5,Normal,Fairy,270,115,45,20,45,25,20,170,1,False
40,Wigglytuff,12.0,1.0,Normal,Fairy,435,140,70,45,85,50,45,50,1,False
41,Zubat,7.5,0.8,Poison,Flying,245,40,45,35,30,40,55,255,1,False
42,Golbat,55.0,1.6,Poison,Flying,455,75,80,70,65,75,90,90,1,False
43,Oddish,5.4,0.5,Grass,Poison,320,45,50,55,75,65,30,255,1,False
44,Gloom,8.6,0.8,Grass,Poison,395,60,65,70,85,75,40,120,1,False
45,Vileplume,18.6,1.2,Grass,Poison,490,75,80,85,110,90,50,45,1,False
46,Paras,5.4,0.3,Bug,Grass,285,35,70,55,45,55,25,190,1,False
47,Parasect,29.5,1.0,Bug,Grass,405,60,95,80,60,80,30,75,1,False
48,Venonat,30.0,1.0,Bug,Poison,305,60,55,50,40,55,45,190,1,False
49,Venomoth,12.5,1.5,Bug,Poison,450,70,65,60,90,75,90,75,1,False
50,Diglett,0.8,0.2,Ground,,265,10,55,25,35,45,95,255,1,False
51,Dugtrio,33.3,0.7,Ground,,405,35,80,50,50,70,120,50,1,False
52,Meowth,4.2,0.4,Normal,,290,40,45,35,40,40,90,255,1,False
53,Persian,32.0,1.0,Normal,,440,65,70,60,65,65,115,90,1,False
54,Psyduck,19.6,0.8,Water,,320,50,52,48,65,50,55,190,1,False
55,Golduck,76.6,1.7,Water,,500,80,82,78,95,80,85,75,1,False
56,Mankey,28.0,0.5,Fighting,,305,40,80,35,35,45,70,190,1,False
57,Primeape,32.0,1.0,Fighting,,455,65,105,60,60,70,95,75,1,False
58,Growlithe,19.0,0.7,Fire,,350,55,70,45,70,50,60,190,1,False
59,Arcanine,155.0,1.9,Fire,,555,90,110,80,100,80,95,75,1,False
60,Poliwag,12.4,0.6,Water,,300,40,50,40,40,40,90,255,1,False
61,Poliwhirl,20.0,1.0,Water,,385,65,65,65,50,50,90,120,1,False
62,Poliwrath,54.0,1.3,Water,Fighting,510,90,95,95,70,90,70,45,1,False
63,Abra,19.5,0.9,Psychic,,310,25,20,15,105,55,90,200,1,False
64,Kadabra,56.5,1.3,Psychic,,400,40,35,30,120,70,105,100,1,False
65,Alakazam,48.0,1.5,Psychic,,500,55,50,45,135,95,120,50,1,False
66,Machop,19.5,0.8,Fighting,,305,70,80,50,35,35,35,180,1,False
67,Machoke,70.5,1.5,Fighting,,405,80,100,70,50,60,45,90,1,False
68,Machamp,130.0,1.6,Fighting,,505,90,130,80,65,85,55,45,1,False
69,Bellsprout,4.0,0.7,Grass,Poison,300,50,75,35,70,30,40,255,1,False
70,Weepinbell,6.4,1.0,Grass,Poison,390,65,90,50,85,45,55,120,1,False
71,Victreebel,15.5,1.7,Grass,Poison,490,80,105,65,100,70,70,45,1,False
72,Tentacool,45.5,0.9,Water,Poison,335,40,40,35,50,100,70,190,1,False
73,Tentacruel,55.0,1.6,Water,Poison,515,80,70,65,80,120,100,60,1,False
74,Geodude,20.0,0.4,Rock,Ground,300,40,80,100,30,30,20,255,1,False
75,Graveler,105.0,1.0,Rock,Ground,390,55,95,115,45,45,35,120,1,False
76,Golem,300.0,1.4,Rock,Ground,495,80,120,130,55,65,45,45,1,False
77,Ponyta,30.0,1.0,Fire,,410,50,85,55,65,65,90,190,1,False
78,Rapidash,95.0,1.7,Fire,,500,65,100,70,80,80,105,60,1,False
79,Slowpoke,36.0,1.2,Water,Psychic,315,90,65,65,40,40,15,190,1,False
80,Slowbro,78.5,1.6,Water,Psychic,490,95,75,110,100,80,30,75,1,False
81,Magnemite,6.0,0.3,Electric,Steel,325,25,35,70,95,55,45,190,1,False
82,Magneton,60.0,1.0,Electric,Steel,465,50,60,95,120,70,70,60,1,False
83,Farfetch'd,15.0,0.8,Normal,Flying,352,52,65,55,58,62,60,45,1,False
84,Doduo,39.2,1.4,Normal,Flying,310,35,85,45,35,35,75,190,1,False
85,Dodrio,85.2,1.8,Normal,Flying,460,60,110,70,60,60,100,45,1,False
86,Seel,90.0,1.1,Water,,325,65,45,55,45,70,45,190,1,False
87,Dewgong,120.0,1.7,Water,Ice,475,90,70,80,70,95,70,75,1,False
88,Grimer,30.0,0.9,Poison,,325,80,80,50,40,50,25,190,1,False
89,Muk,30.0,1.2,Poison,,500,105,105,75,65,100,50,75,1,False
90,Shellder,4.0,0.3,Water,,305,30,65,100,45,25,40,190,1,False
91,Cloyster,132.5,1.5,Water,Ice,525,50,95,180,85,45,70,60,1,False
92,Gastly,0.1,1.3,Ghost,Poison,310,30,35,30,100,35,80,190,1,False
93,Haunter,0.1,1.6,Ghost,Poison,405,45,50,45,115,55,95,90,1,False
94,Gengar,40.5,1.5,Ghost,Poison,500,60,65,60,130,75,110,45,1,False
95,Onix,210.0,8.8,Rock,Ground,385,35,45,160,30,45,70,45,1,False
96,Drowzee,32.4,1.0,Psychic,,328,60,48,45,43,90,42,190,1,False
97,Hypno,75.6,1.6,Psychic,,483,85,73,70,73,115,67,75,1,False
98,Krabby,6.5,0.4,Water,,325,30,105,90,25,25,50,225,1,False
99,Kingler,60.0,1.3,Water,,475,55,130,115,50,50,75,60,1,False
100,Voltorb,10.4,0.5,Electric,,330,40,30,50,55,55,100,190,1,False
101,Electrode,66.6,1.2,Electric,,480,60,50,70,80,80,140,60,1,False
102,Exeggcute,2.5,0.4,Grass,Psychic,325,60,40,80,60,45,40,90,1,False
103,Exeggutor,120.0,2.0,Grass,Psychic,520,95,95,85,125,65,55,45,1,False
104,Cubone,6.5,0.4,Ground,,320,50,50,95,40,50,35,190,1,False
105,Marowak,45.0,1.0,Ground,,425,60,80,110,50,80,45,75,1,False
106,Hitmonlee,49.8,1.5,Fighting,,455,50,120,53,35,110,87,45,1,False
107,Hitmonchan,50.2,1.4,Fighting,,455,50,105,79,35,110,76,45,1,False
108,Lickitung,65.5,1.2,Normal,,385,90,55,75,60,75,30,45,1,False
109,Koffing,1.0,0.6,Poison,,340,40,65,95,60,45,35,190,1,False
110,Weezing,9.5,1.2,Poison,,490,65,90,120,85,70,60,60,1,False
111,Rhyhorn,115.0,1.0,Ground,Rock,345,80,85,95,30,30,25,120,1,False
112,Rhydon,120.0,1.9,Ground,Rock,485,105,130,120,45,45,40,60,1,False
113,Chansey,34.6,1.1,Normal,,450,250,5,5,35,105,50,30,1,False
114,Tangela,35.0,1.0,Grass,,435,65,55,115,100,40,60,45,1,False
115,Kangaskhan,80.0,2.2,Normal,,490,105,95,80,40,80,90,45,1,False
116,Horsea,8.0,0.4,Water,,295,30,40,70,70,25,60,225,1,False
117,Seadra,25.0,1.2,Water,,440,55,65,95,95,45,85,75,1,False
118,Goldeen,15.0,0.6,Water,,320,45,67,60,35,50,63,225,1,False
119,Seaking,39.0,1.3,Water,,450,80,92,65,65,80,68,60,1,False
120,Staryu,34.5,0.8,Water,,340,30,45,55,70,55,85,225,1,False
121,Starmie,80.0,1.1,Water,Psychic,520,60,75,85,100,85,115,60,1,False
122,Mr. Mime,54.5,1.3,Psychic,Fairy,460,40,45,65,100,120,90,45,1,False
123,Scyther,56.0,1.5,Bug,Flying,500,70,110,80,55,80,105,45,1,False
124,Jynx,40.6,1.4,Ice,Psychic,455,65,50,35,115,95,95,45,1,False
125,Electabuzz,30.0,1.1,Electric,,490,65,83,57,95,85,105,45,1,False
126,Magmar,44.5,1.3,Fire,,495,65,95,57,100,85,93,45,1,False
127,Pinsir,55.0,1.5,Bug,,500,65,125,100,55,70,85,45,1,False
128,Tauros,88.4,1.4,Normal,,490,75,100,95,40,70,110,45,1,False
129,Magikarp,10.0,0.9,Water,,200,20,10,55,15,20,80,255,1,False
130,Gyarados,235.0,6.5,Water,Flying,540,95,125,79,60,100,81,45,1,False
131,Lapras,220.0,2.5,Water,Ice,535,130,85,80,85,95,60,45,1,False
132,Ditto,4.0,0.3,Normal,,288,48,48,48,48,48,48,35,1,False
133,Eevee,6.5,0.3,Normal,,325,55,55,50,45,65,55,45,1,False
134,Vaporeon,29.0,1.0,Water,,525,130,65,60,110,95,65,45,1,False
135,Jolteon,24.5,0.8,Electric,,525,65,65,60,110,95,130,45,1,False
136,Flareon,25.0,0.9,Fire,,525,65,130,60,95,110,65,45,1,False
137,Porygon,36.5,0.8,Normal,,395,65,60,70,85,75,40,45,1,False
138,Omanyte,7.5,0.4,Rock,Water,355,35,40,100,90,55,35,45,1,False
139,Omastar,35.0,1.0,Rock,Water,495,70,60,125,115,70,55,45,1,False
140,Kabuto,11.5,0.5,Rock,Water,355,30,80,90,55,45,55,45,1,False
141,Kabutops,40.5,1.3,Rock,Water,495,60,115,105,65,70,80,45,1,False
142,Aerodactyl,59.0,1.8,Rock,Flying,515,80,105,65,60,75,130,45,1,False
143,Snorlax,460.0,2.1,Normal,,540,160,110,65,65,110,30,25,1,False
144,Articuno,55.4,1.7,Ice,Flying,580,90,85,100,95,125,85,3,1,True
145,Zapdos,52.6,1.6,Electric,Flying,580,90,90,85,125,90,100,3,1,True
146,Moltres,60.0,2.0,Fire,Flying,580,90,100,90,125,85,90,3,1,True
147,Dratini,3.3,1.8,Dragon,,300,41,64,45,50,50,50,45,1,False
148,Dragonair,16.5,4.0,Dragon,,420,61,84,65,70,70,70,45,1,False
149,Dragonite,210.0,2.2,Dragon,Flying,600,91,134,95,100,100,80,45,1,False
150,Mewtwo,122.0,2.0,Psychic,,680,106,110,90,154,90,130,3,1,True
151,Mew,4.0,0.4,Psychic,,600,100,100,100,100,100,100,45,1,False
152,Chikorita,6.4,0.9,Grass,,318,45,49,65,49,65,45,45,2,False
153,Bayleef,15.8,1.2,Grass,,405,60,62,80,63,80,60,45,2,False
154,Meganium,100.5,1.8,Grass,,525,80,82,100,83,100,80,45,2,False
155,Cyndaquil,7.9,0.5,Fire,,309,39,52,43,60,50,65,45,2,False
156,Quilava,19.0,0.9,Fire,,405,58,64,58,80,65,80,45,2,False
157,Typhlosion,79.5,1.7,Fire,,534,78,84,78,109,85,100,45,2,False
158,Totodile,9.5,0.6,Water,,314,50,65,64,44,48,43,45,2,False
159,Croconaw,25.0,1.1,Water,,405,65,80,80,59,63,58,45,2,False
160,Feraligatr,88.8,2.3,Water,,530,85,105,100,79,83,78,45,2,False
161,Sentret,6.0,0.8,Normal,,215,35,46,34,35,45,20,255,2,False
162,Furret,32.5,1.8,Normal,,415,85,76,64,45,55,90,90,2,False
163,Hoothoot,21.2,0.7,Normal,Flying,262,60,30,30,36,56,50,255,2,False
164,Noctowl,40.8,1.6,Normal,Flying,442,100,50,50,76,96,70,90,2,False
165,Ledyba,10.8,1.0,Bug,Flying,265,40,20,30,40,80,55,255,2,False
166,Ledian,35.6,1.4,Bug,Flying,390,55,35,50,55,110,85,90,2,False
167,Spinarak,8.5,0.5,Bug,Poison,250,40,60,40,40,40,30,255,2,False
168,Ariados,33.5,1.1,Bug,Poison,390,70,90,70,60,60,40,90,2,False
169,Crobat,75.0,1.8,Poison,Flying,535,85,90,80,70,80,130,90,2,False
170,Chinchou,12.0,0.5,Water,Electric,330,75,38,38,56,56,67,190,2,False
171,Lanturn,22.5,1.2,Water,Electric,460,125,58,58,76,76,67,75,2,False
172,Pichu,2.0,0.3,Electric,,205,20,40,15,35,35,60,190,2,False
173,Cleffa,3.0,0.3,Fairy,,218,50,25,28,45,55,15,150,2,False
174,Igglybuff,1.0,0.3,Normal,Fairy,210,90,30,15,40,20,15,170,2,False
175,Togepi,1.5,0.3,Fairy,,245,35,20,65,40,65,20,190,2,False
176,Togetic,3.2,0.6,Fairy,Flying,405,55,40,85,80,105,40,75,2,False
177,Natu,2.0,0.2,Psychic,Flying,320,40,50,45,70,45,70,190,2,False
178,Xatu,15.0,1.5,Psychic,Flying,470,65,75,70,95,70,95,75,2,False
179,Mareep,7.8,0.6,Electric,,280,55,40,40,65,45,35,235,2,False
180,Flaaffy,13.3,0.8,Electric,,365,70,55,55,80,60,45,120,2,False
181,Ampharos,61.5,1.4,Electric,,510,90,75,85,115,90,55,45,2,False
182,Bellossom,5.8,0.4,Grass,,490,75,80,95,90,100,50,45,2,False
183,Marill,8.5,0.4,Water,Fairy,250,70,20,50,20,50,40,190,2,False
184,Azumarill,28.5,0.8,Water,Fairy,420,100,50,80,60,80,50,75,2,False
185,Sudowoodo,38.0,1.2,Rock,,410,70,100,115,30,65,30,65,2,False
186,Politoed,33.9,1.1,Water,,500,90,75,75,90,100,70,45,2,False
187,Hoppip,0.5,0.4,Grass,Flying,250,35,35,40,35,55,50,255,2,False
188,Skiploom,1.0,0.6,Grass,Flying,340,55,45,50,45,65,80,120,2,False
189,Jumpluff,3.0,0.8,Grass,Flying,460,75,55,70,55,95,110,45,2,False
190,Aipom,11.5,0.8,Normal,,360,55,70,55,40,55,85,45,2,False
191,Sunkern,1.8,0.3,Grass,,180,30,30,30,30,30,30,235,2,False
192,Sunflora,8.5,0.8,Grass,,425,75,75,55,105,85,30,120,2,False
193,Yanma,38.0,1.2,Bug,Flying,390,65,65,45,75,45,95,75,2,False
194,Wooper,8.5,0.4,Water,Ground,210,55,45,45,25,25,15,255,2,False
195,Quagsire,75.0,1.4,Water,Ground,430,95,85,85,65,65,35,90,2,False
196,Espeon,26.5,0.9,Psychic,,525,65,65,60,130,95,110,45,2,False
197,Umbreon,27.0,1.0,Dark,,525,95,65,110,60,130,65,45,2,False
198,Murkrow,2.1,0.5,Dark,Flying,405,60,85,42,85,42,91,30,2,False
199,Slowking,79.5,2.0,Water,Psychic,490,95,75,80,100,110,30,70,2,False
200,Misdreavus,1.0,0.7,Ghost,,435,60,60,60,85,85,85,45,2,False
201,Unown,5.0,0.5,Psychic,,336,48,72,48,72,48,48,225,2,False
202,Wobbuffet,28.5,1.3,Psychic,,405,190,33,58,33,58,33,45,2,False
203,Girafarig,41.5,1.5,Normal,Psychic,455,70,80,65,90,65,85,60,2,False
204,Pineco,7.2,0.6,Bug,,290,50,65,90,35,35,15,190,2,False
205,Forretress,125.8,1.2,Bug,Steel,465,75,90,140,60,60,40,75,2,False
206,Dunsparce,14.0,1.5,Normal,,415,100,70,70,65,65,45,190,2,False
207,Gligar,64.8,1.1,Ground,Flying,430,65,75,105,35,65,85,60,2,False
208,Steelix,400.0,9.2,Steel,Ground,510,75,85,200,55,65,30,25,2,False
209,Snubbull,7.8,0.6,Fairy,,300,60,80,50,40,40,30,190,2,False
210,Granbull,48.7,1.4,Fairy,,450,90,120,75,60,60,45,75,2,False
211,Qwilfish,3.9,0.5,Water,Poison,430,65,95,75,55,55,85,45,2,False
212,Scizor,118.0,1.8,Bug,Steel,500,70,130,100,55,80,65,25,2,False
213,Shuckle,20.5,0.6,Bug,Rock,505,20,10,230,10,230,5,190,2,False
214,Heracross,54.0,1.5,Bug,Fighting,500,80,125,75,40,95,85,45,2,False
215,Sneasel,28.0,0.9,Dark,Ice,430,55,95,55,35,75,115,60,2,False
216,Teddiursa,8.8,0.6,Normal,,330,60,80,50,50,50,40,120,2,False
217,Ursaring,125.8,1.8,Normal,,500,90,130,75,75,75,55,60,2,False
218,Slugma,35.0,0.7,Fire,,250,40,40,40,70,40,20,190,2,False
219,Magcargo,55.0,0.8,Fire,Rock,410,50,50,120,80,80,30,75,2,False
220,Swinub,6.5,0.4,Ice,Ground,250,50,50,40,30,30,50,225,2,False
221,Piloswine,55.8,1.1,Ice,Ground,450,100,100,80,60,60,50,75,2,False
222,Corsola,5.0,0.6,Water,Rock,380,55,55,85,65,85,35,60,2,False
223,Remoraid,12.0,0.6,Water,,300,35,65,35,65,35,65,190,2,False
224,Octillery,28.5,0.9,Water,,480,75,105,75,105,75,45,75,2,False
225,Delibird,16.0,0.9,Ice,Flying,330,45,55,45,65,45,75,45,2,False
226,Mantine,220.0,2.1,Water,Flying,465,65,40,70,80,140,70,25,2,False
227,Skarmory,50.5,1.7,Steel,Flying,465,65,80,140,40,70,70,25,2,False
228,Houndour,10.8,0.6,Dark,Fire,330,45,60,30,80,50,65,120,2,False
229,Houndoom,35.0,1.4,Dark,Fire,500,75,90,50,110,80,95,45,2,False
230,Kingdra,152.0,1.8,Water,Dragon,540,75,95,95,95,95,85,45,2,False
231,Phanpy,33.5,0.5,Ground,,330,90,60,60,40,40,40,120,2,False
232,Donphan,120.0,1.1,Ground,,500,90,120,120,60,60,50,60,2,False
233,Porygon2,32.5,0.6,Normal,,515,85,80,90,105,95,60,45,2,False
234,Stantler,71.2,1.4,Normal,,465,73,95,62,85,65,85,45,2,False
235,Smeargle,58.0,1.2,Normal,,250,55,20,35,20,45,75,45,2,False
236,Tyrogue,21.0,0.7,Fighting,,210,35,35,35,35,35,35,75,2,False
237,Hitmontop,48.0,1.4,Fighting,,455,50,95,95,35,110,70,45,2,False
238,Smoochum,6.0,0.4,Ice,Psychic,305,45,30,15,85,65,65,45,2,False
239,Elekid,23.5,0.6,Electric,,360,45,63,37,65,55,95,45,2,False
240,Magby,21.4,0.7,Fire,,365,45,75,37,70,55,83,45,2,False
241,Miltank,75.5,1.2,Normal,,490,95,80,105,40,70,100,45,2,False
242,Blissey,46.8,1.5,Normal,,540,255,10,10,75,135,55,30,2,False
243,Raikou,178.0,1.9,Electric,,580,90,85,75,115,100,115,3,2,True
244,Entei,198.0,2.1,Fire,,580,115,115,85,90,75,100,3,2,True
245,Suicune,187.0,2.0,Water,,580,100,75,115,90,115,85,3,2,True
246,Larvitar,72.0,0.6,Rock,Ground,300,50,64,50,45,50,41,45,2,False
247,Pupitar,152.0,1.2,Rock,Ground,410,70,84,70,65,70,51,45,2,False
248,Tyranitar,202.0,2.0,Rock,Dark,600,100,134,110,95,100,61,45,2,False
249,Lugia,216.0,5.2,Psychic,Flying,680,106,90,130,90,154,110,3,2,True
250,Ho-oh,199.0,3.8,Fire,Flying,680,106,130,90,110,154,90,3,2,True
251,Celebi,5.0,0.6,Psychic,Grass,600,100,100,100,100,100,100,45,2,False
252,Treecko,5.0,0.5,Grass,,310,40,45,35,65,55,70,45,3,False
253,Grovyle,21.6,0.9,Grass,,405,50,65,45,85,65,95,45,3,False
254,Sceptile,52.2,1.7,Grass,,530,70,85,65,105,85,120,45,3,False
255,Torchic,2.5,0.4,Fire,,310,45,60,40,70,50,45,45,3,False
256,Combusken,19.5,0.9,Fire,Fighting,405,60,85,60,85,60,55,45,3,False
257,Blaziken,52.0,1.9,Fire,Fighting,530,80,120,70,110,70,80,45,3,False
258,Mudkip,7.6,0.4,Water,,310,50,70,50,50,50,40,45,3,False
259,Marshtomp,28.0,0.7,Water,Ground,405,70,85,70,60,70,50,45,3,False
260,Swampert,81.9,1.5,Water,Ground,535,100,110,90,85,90,60,45,3,False
261,Poochyena,13.6,0.5,Dark,,220,35,55,35,30,30,35,255,3,False
262,Mightyena,37.0,1.0,Dark,,420,70,90,70,60,60,70,127,3,False
263,Zigzagoon,17.5,0.4,Normal,,240,38,30,41,30,41,60,255,3,False
264,Linoone,32.5,0.5,Normal,,420,78,70,61,50,61,100,90,3,False
265,Wurmple,3.6,0.3,Bug,,195,45,45,35,20,30,20,255,3,False
266,Silcoon,10.0,0.6,Bug,,205,50,35,55,25,25,15,120,3,False
267,Beautifly,28.4,1.0,Bug,Flying,395,60,70,50,100,50,65,45,3,False
268,Cascoon,11.5,0.7,Bug,,205,50,35,55,25,25,15,120,3,False
269,Dustox,31.6,1.2,Bug,Poison,385,60,50,70,50,90,65,45,3,False
270,Lotad,2.6,0.5,Water,Grass,220,40,30,30,40,50,30,255,3,False
271,Lombre,32.5,1.2,Water,Grass,340,60,50,50,60,70,50,120,3,False
272,Ludicolo,55.0,1.5,Water,Grass,480,80,70,70,90,100,70,45,3,False
273,Seedot,4.0,0.5,Grass,,220,40,40,50,30,30,30,255,3,False
274,Nuzleaf,28.0,1.0,Grass,Dark,340,70,70,40,60,40,60,120,3,False
275,Shiftry,59.6,1.3,Grass,Dark,480,90,100,60,90,60,80,45,3,False
276,Taillow,2.3,0.3,Normal,Flying,270,40,55,30,30,30,85,200,3,False
277,Swellow,19.8,0.7,Normal,Flying,430,60,85,60,50,50,125,45,3,False
278,Wingull,9.5,0.6,Water,Flying,270,40,30,30,55,30,85,190,3,False
279,Pelipper,28.0,1.2,Water,Flying,430,60,50,100,85,70,65,45,3,False
280,Ralts,6.6,0.4,Psychic,Fairy,198,28,25,25,45,35,40,235,3,False
281,Kirlia,20.2,0.8,Psychic,Fairy,278,38,35,35,65,55,50,120,3,False
282,Gardevoir,48.4,1.6,Psychic,Fairy,518,68,65,65,125,115,80,45,3,False
283,Surskit,1.7,0.5,Bug,Water,269,40,30,32,50,52,65,200,3,False
284,Masquerain,3.6,0.8,Bug,Flying,414,70,60,62,80,82,60,75,3,False
285,Shroomish,4.5,0.4,Grass,,295,60,40,60,40,60,35,255,3,False
286,Breloom,39.2,1.2,Grass,Fighting,460,60,130,80,60,60,70,90,3,False
287,Slakoth,24.0,0.8,Normal,,280,60,60,60,35,35,30,255,3,False
288,Vigoroth,46.5,1.4,Normal,,440,80,80,80,55,55,90,120,3,False
289,Slaking,130.5,2.0,Normal,,670,150,160,100,95,65,100,45,3,False
290,Nincada,5.5,0.5,Bug,Ground,266,31,45,90,30,30,40,255,3,False
291,Ninjask,12.0,0.8,Bug,Flying,456,61,90,45,50,50,160,120,3,False
292,Shedinja,1.2,0.8,Bug,Ghost,236,1,90,45,30,30,40,45,3,False
293,Whismur,16.3,0.6,Normal,,240,64,51,23,51,23,28,190,3,False
294,Loudred,40.5,1.0,Normal,,360,84,71,43,71,43,48,120,3,False
295,Exploud,84.0,1.5,Normal,,490,104,91,63,91,73,68,45,3,False
296,Makuhita,86.4,1.0,Fighting,,237,72,60,30,20,30,25,180,3,False
297,Hariyama,253.8,2.3,Fighting,,474,144,120,60,40,60,50,200,3,False
298,Azurill,2.0,0.2,Normal,Fairy,190,50,20,40,20,40,20,150,3,False
299,Nosepass,97.0,1.0,Rock,,375,30,45,135,45,90,30,255,3,False
300,Skitty,11.0,0.6,Normal,,260,50,45,45,35,35,50,255,3,False
301,Delcatty,32.6,1.1,Normal,,380,70,65,65,55,55,70,60,3,False
302,Sableye,11.0,0.5,Dark,Ghost,380,50,75,75,65,65,50,45,3,False
303,Mawile,11.5,0.6,Steel,Fairy,380,50,85,85,55,55,50,45,3,False
304,Aron,60.0,0.4,Steel,Rock,330,50,70,100,40,40,30,180,3,False
305,Lairon,120.0,0.9,Steel,Rock,430,60,90,140,50,50,40,90,3,False
306,Aggron,360.0,2.1,Steel,Rock,530,70,110,180,60,60,50,45,3,False
307,Meditite,11.2,0.6,Fighting,Psychic,280,30,40,55,40,55,60,180,3,False
308,Medicham,31.5,1.3,Fighting,Psychic,410,60,60,75,60,75,80,90,3,False
309,Electrike,15.2,0.6,Electric,,295,40,45,40,65,40,65,120,3,False
310,Manectric,40.2,1.5,Electric,,475,70,75,60,105,60,105,45,3,False
311,Plusle,4.2,0.4,Electric,,405,60,50,40,85,75,95,200,3,False
312,Minun,4.2,0.4,Electric,,405,60,40,50,75,85,95,200,3,False
313,Volbeat,17.7,0.7,Bug,,400,65,73,55,47,75,85,150,3,False
314,Illumise,17.7,0.6,Bug,,400,65,47,55,73,75,85,150,3,False
315,Roselia,2.0,0.3,Grass,Poison,400,50,60,45,100,80,65,150,3,False
316,Gulpin,10.3,0.4,Poison,,302,70,43,53,43,53,40,225,3,False
317,Swalot,80.0,1.7,Poison,,467,100,73,83,73,83,55,75,3,False
318,Carvanha,20.8,0.8,Water,Dark,305,45,90,20,65,20,65,225,3,False
319,Sharpedo,88.8,1.8,Water,Dark,460,70,120,40,95,40,95,60,3,False
320,Wailmer,130.0,2.0,Water,,400,130,70,35,70,35,60,125,3,False
321,Wailord,398.0,14.5,Water,,500,170,90,45,90,45,60,60,3,False
322,Numel,24.0,0.7,Fire,Ground,305,60,60,40,65,45,35,255,3,False
323,Camerupt,220.0,1.9,Fire,Ground,460,70,100,70,105,75,40,150,3,False
324,Torkoal,80.4,0.5,Fire,,470,70,85,140,85,70,20,90,3,False
325,Spoink,30.6,0.7,Psychic,,330,60,25,35,70,80,60,255,3,False
326,Grumpig,71.5,0.9,Psychic,,470,80,45,65,90,110,80,60,3,False
327,Spinda,5.0,1.1,Normal,,360,60,60,60,60,60,60,255,3,False
328,Trapinch,15.0,0.7,Ground,,290,45,100,45,45,45,10,255,3,False
329,Vibrava,15.3,1.1,Ground,Dragon,340,50,70,50,50,50,70,120,3,False
330,Flygon,82.0,2.0,Ground,Dragon,520,80,100,80,80,80,100,45,3,False
331,Cacnea,51.3,0.4,Grass,,335,50,85,40,85,40,35,190,3,False
332,Cacturne,77.4,1.3,Grass,Dark,475,70,115,60,115,60,55,60,3,False
333,Swablu,1.2,0.4,Normal,Flying,310,45,40,60,40,75,50,255,3,False
334,Altaria,20.6,1.1,Dragon,Flying,490,75,70,90,70,105,80,45,3,False
335,Zangoose,40.3,1.3,Normal,,458,73,115,60,60,60,90,90,3,False
336,Seviper,52.5,2.7,Poison,,458,73,100,60,100,60,65,90,3,False
337,Lunatone,168.0,1.0,Rock,Psychic,440,70,55,65,95,85,70,45,3,False
338,Solrock,154.0,1.2,Rock,Psychic,440,70,95,85,55,65,70,45,3,False
339,Barboach,1.9,0.4,Water,Ground,288,50,48,43,46,41,60,190,3,False
340,Whiscash,23.6,0.9,Water,Ground,468,110,78,73,76,71,60,75,3,False
341,Corphish,11.5,0.6,Water,,308,43,80,65,50,35,35,205,3,False
342,Crawdaunt,32.8,1.1,Water,Dark,468,63,120,85,90,55,55,155,3,False
343,Baltoy,21.5,0.5,Ground,Psychic,300,40,40,55,40,70,55,255,3,False
344,Claydol,108.0,1.5,Ground,Psychic,500,60,70,105,70,120,75,90,3,False
345,Lileep,23.8,1.0,Rock,Grass,355,66,41,77,61,87,23,45,3,False
346,Cradily,60.4,1.5,Rock,Grass,495,86,81,97,81,107,43,45,3,False
347,Anorith,12.5,0.7,Rock,Bug,355,45,95,50,40,50,75,45,3,False
348,Armaldo,68.2,1.5,Rock,Bug,495,75,125,100,70,80,45,45,3,False
349,Feebas,7.4,0.6,Water,,200,20,15,20,10,55,80,255,3,False
350,Milotic,162.0,6.2,Water,,540,95,60,79,100,125,81,60,3,False
351,Castform,0.8,0.3,Normal,,420,70,70,70,70,70,70,45,3,False
352,Kecleon,22.0,1.0,Normal,,440,60,90,70,60,120,40,200,3,False
353,Shuppet,2.3,0.6,Ghost,,295,44,75,35,63,33,45,225,3,False
354,Banette,12.5,1.1,Ghost,,455,64,115,65,83,63,65,45,3,False
355,Duskull,15.0,0.8,Ghost,,295,20,40,90,30,90,25,190,3,False
356,Dusclops,30.6,1.6,Ghost,,455,40,70,130,60,130,25,90,3,False
357,Tropius,100.0,2.0,Grass,Flying,460,99,68,83,72,87,51,200,3,False
358,Chimecho,1.0,0.6,Psychic,,425,65,50,70,95,80,65,45,3,False
359,Absol,47.0,1.2,Dark,,465,65,130,60,75,60,75,30,3,False
360,Wynaut,14.0,0.6,Psychic,,260,95,23,48,23,48,23,125,3,False
361,Snorunt,16.8,0.7,Ice,,300,50,50,50,50,50,50,190,3,False
362,Glalie,256.5,1.5,Ice,,480,80,80,80,80,80,80,75,3,False
363,Spheal,39.5,0.8,Ice,Water,290,70,40,50,55,50,25,255,3,False
364,Sealeo,87.6,1.1,Ice,Water,410,90,60,70,75,70,45,120,3,False
365,Walrein,150.6,1.4,Ice,Water,530,110,80,90,95,90,65,45,3,False
366,Clamperl,52.5,0.4,Water,,345,35,64,85,74,55,32,255,3,False
367,Huntail,27.0,1.7,Water,,485,55,104,105,94,75,52,60,3,False
368,Gorebyss,22.6,1.8,Water,,485,55,84,105,114,75,52,60,3,False
369,Relicanth,23.4,1.0,Water,Rock,485,100,90,130,45,65,55,25,3,False
370,Luvdisc,8.7,0.6,Water,,330,43,30,55,40,65,97,225,3,False
371,Bagon,42.1,0.6,Dragon,,300,45,75,60,40,30,50,45,3,False
372,Shelgon,110.5,1.1,Dragon,,420,65,95,100,60,50,50,45,3,False
373,Salamence,102.6,1.5,Dragon,Flying,600,95,135,80,110,80,100,45,3,False
374,Beldum,95.2,0.6,Steel,Psychic,300,40,55,80,35,60,30,3,3,False
375,Metang,202.5,1.2,Steel,Psychic,420,60,75,100,55,80,50,3,3,False
376,Metagross,550.0,1.6,Steel,Psychic,600,80,135,130,95,90,70,3,3,False
377,Regirock,230.0,1.7,Rock,,580,80,100,200,50,100,50,3,3,True
378,Regice,175.0,1.8,Ice,,580,80,50,100,100,200,50,3,3,True
379,Registeel,205.0,1.9,Steel,,580,80,75,150,75,150,50,3,3,True
380,Latias,40.0,1.4,Dragon,Psychic,600,80,80,90,110,130,110,3,3,True
381,Latios,60.0,2.0,Dragon,Psychic,600,80,90,80,130,110,110,3,3,True
382,Kyogre,352.0,4.5,Water,,670,100,100,90,150,140,90,5,3,True
383,Groudon,950.0,3.5,Ground,,670,100,150,140,100,90,90,5,3,True
384,Rayquaza,206.5,7.0,Dragon,Flying,680,105,150,90,150,90,95,3,3,True
385,Jirachi,1.1,0.3,Steel,Psychic,600,100,100,100,100,100,100,3,3,True
387,Turtwig,10.2,0.4,Grass,,318,55,68,64,45,55,31,45,4,False
388,Grotle,97.0,1.1,Grass,,405,75,89,85,55,65,36,45,4,False
389,Torterra,310.0,2.2,Grass,Ground,525,95,109,105,75,85,56,45,4,False
390,Chimchar,6.2,0.5,Fire,,309,44,58,44,58,44,61,45,4,False
391,Monferno,22.0,0.9,Fire,Fighting,405,64,78,52,78,52,81,45,4,False
392,Infernape,55.0,1.2,Fire,Fighting,534,76,104,71,104,71,108,45,4,False
393,Piplup,5.2,0.4,Water,,314,53,51,53,61,56,40,45,4,False
394,Prinplup,23.0,0.8,Water,,405,64,66,68,81,76,50,45,4,False
395,Empoleon,84.5,1.7,Water,Steel,530,84,86,88,111,101,60,45,4,False
396,Starly,2.0,0.3,Normal,Flying,245,40,55,30,30,30,60,255,4,False
397,Staravia,15.5,0.6,Normal,Flying,340,55,75,50,40,40,80,120,4,False
398,Staraptor,24.9,1.2,Normal,Flying,485,85,120,70,50,60,100,45,4,False
399,Bidoof,20.0,0.5,Normal,,250,59,45,40,35,40,31,255,4,False
400,Bibarel,31.5,1.0,Normal,Water,410,79,85,60,55,60,71,127,4,False
401,Kricketot,2.2,0.3,Bug,,194,37,25,41,25,41,25,255,4,False
402,Kricketune,25.5,1.0,Bug,,384,77,85,51,55,51,65,45,4,False
403,Shinx,9.5,0.5,Electric,,263,45,65,34,40,34,45,235,4,False
404,Luxio,30.5,0.9,Electric,,363,60,85,49,60,49,60,120,4,False
405,Luxray,42.0,1.4,Electric,,523,80,120,79,95,79,70,45,4,False
406,Budew,1.2,0.2,Grass,Poison,280,40,30,35,50,70,55,255,4,False
407,Roserade,14.5,0.9,Grass,Poison,515,60,70,65,125,105,90,75,4,False
408,Cranidos,31.5,0.9,Rock,,350,67,125,40,30,30,58,45,4,False
409,Rampardos,102.5,1.6,Rock,,495,97,165,60,65,50,58,45,4,False
410,Shieldon,57.0,0.5,Rock,Steel,350,30,42,118,42,88,30,45,4,False
411,Bastiodon,149.5,1.3,Rock,Steel,495,60,52,168,47,138,30,45,4,False
412,Burmy,3.4,0.2,Bug,,224,40,29,45,29,45,36,120,4,False
414,Mothim,23.3,0.9,Bug,Flying,424,70,94,50,94,50,66,45,4,False
415,Combee,5.5,0.3,Bug,Flying,244,30,30,42,30,42,70,120,4,False
416,Vespiquen,38.5,1.2,Bug,Flying,474,70,80,102,80,102,40,45,4,False
417,Pachirisu,3.9,0.4,Electric,,405,60,45,70,45,90,95,200,4,False
418,Buizel,29.5,0.7,Water,,330,55,65,35,60,30,85,190,4,False
419,Floatzel,33.5,1.1,Water,,495,85,105,55,85,50,115,75,4,False
420,Cherubi,3.3,0.4,Grass,,275,45,35,45,62,53,35,190,4,False
421,Cherrim,9.3,0.5,Grass,,450,70,60,70,87,78,85,75,4,False
422,Shellos,6.3,0.3,Water,,325,76,48,48,57,62,34,190,4,False
423,Gastrodon,29.9,0.9,Water,Ground,475,111,83,68,92,82,39,75,4,False
424,Ambipom,20.3,1.2,Normal,,482,75,100,66,60,66,115,45,4,False
425,Drifloon,1.2,0.4,Ghost,Flying,348,90,50,34,60,44,70,125,4,False
426,Drifblim,15.0,1.2,Ghost,Flying,498,150,80,44,90,54,80,60,4,False
427,Buneary,5.5,0.4,Normal,,350,55,66,44,44,56,85,190,4,False
428,Lopunny,33.3,1.2,Normal,,480,65,76,84,54,96,105,60,4,False
429,Mismagius,4.4,0.9,Ghost,,495,60,60,60,105,105,105,45,4,False
430,Honchkrow,27.3,0.9,Dark,Flying,505,100,125,52,105,52,71,30,4,False
431,Glameow,3.9,0.5,Normal,,310,49,55,42,42,37,85,190,4,False
432,Purugly,43.8,1.0,Normal,,452,71,82,64,64,59,112,75,4,False
433,Chingling,0.6,0.2,Psychic,,285,45,30,50,65,50,45,120,4,False
434,Stunky,19.2,0.4,Poison,Dark,329,63,63,47,41,41,74,225,4,False
435,Skuntank,38.0,1.0,Poison,Dark,479,103,93,67,71,61,84,60,4,False
436,Bronzor,60.5,0.5,Steel,Psychic,300,57,24,86,24,86,23,255,4,False
437,Bronzong,187.0,1.3,Steel,Psychic,500,67,89,116,79,116,33,90,4,False
438,Bonsly,15.0,0.5,Rock,,290,50,80,95,10,45,10,255,4,False
439,Mime Jr.,13.0,0.6,Psychic,Fairy,310,20,25,45,70,90,60,145,4,False
440,Happiny,24.4,0.6,Normal,,220,100,5,5,15,65,30,130,4,False
441,Chatot,1.9,0.5,Normal,Flying,411,76,65,45,92,42,91,30,4,False
442,Spiritomb,108.0,1.0,Ghost,Dark,485,50,92,108,92,108,35,100,4,False
443,Gible,20.5,0.7,Dragon,Ground,300,58,70,45,40,45,42,45,4,False
444,Gabite,56.0,1.4,Dragon,Ground,410,68,90,65,50,55,82,45,4,False
445,Garchomp,95.0,1.9,Dragon,Ground,600,108,130,95,80,85,102,45,4,False
446,Munchlax,105.0,0.6,Normal,,390,135,85,40,40,85,5,50,4,False
447,Riolu,20.2,0.7,Fighting,,285,40,70,40,35,40,60,75,4,False
448,Lucario,54.0,1.2,Fighting,Steel,525,70,110,70,115,70,90,45,4,False
449,Hippopotas,49.5,0.8,Ground,,330,68,72,78,38,42,32,140,4,False
450,Hippowdon,300.0,2.0,Ground,,525,108,112,118,68,72,47,60,4,False
451,Skorupi,12.0,0.8,Poison,Bug,330,40,50,90,30,55,65,120,4,False
452,Drapion,61.5,1.3,Poison,Dark,500,70,90,110,60,75,95,45,4,False
453,Croagunk,23.0,0.7,Poison,Fighting,300,48,61,40,61,40,50,140,4,False
454,Toxicroak,44.4,1.3,Poison,Fighting,490,83,106,65,86,65,85,75,4,False
455,Carnivine,27.0,1.4,Grass,,454,74,100,72,90,72,46,200,4,False
456,Finneon,7.0,0.4,Water,,330,49,49,56,49,61,66,190,4,False
457,Lumineon,24.0,1.2,Water,,460,69,69,76,69,86,91,75,4,False
458,Mantyke,65.0,1.0,Water,Flying,345,45,20,50,60,120,50,25,4,False
459,Snover,50.5,1.0,Grass,Ice,334,60,62,50,62,60,40,120,4,False
460,Abomasnow,135.5,2.2,Grass,Ice,494,90,92,75,92,85,60,60,4,False
461,Weavile,34.0,1.1,Dark,Ice,510,70,120,65,45,85,125,45,4,False
462,Magnezone,180.0,1.2,Electric,Steel,535,70,70,115,130,90,60,30,4,False
463,Lickilicky,140.0,1.7,Normal,,515,110,85,95,80,95,50,30,4,False
464,Rhyperior,282.8,2.4,Ground,Rock,535,115,140,130,55,55,40,30,4,False
465,Tangrowth,128.6,2.0,Grass,,535,100,100,125,110,50,50,30,4,False
466,Electivire,138.6,1.8,Electric,,540,75,123,67,95,85,95,30,4,False
467,Magmortar,68.0,1.6,Fire,,540,75,95,67,125,95,83,30,4,False
468,Togekiss,38.0,1.5,Fairy,Flying,545,85,50,95,120,115,80,30,4,False
469,Yanmega,51.5,1.9,Bug,Flying,515,86,76,86,116,56,95,30,4,False
470,Leafeon,25.5,1.0,Grass,,525,65,110,130,60,65,95,45,4,False
471,Glaceon,25.9,0.8,Ice,,525,65,60,110,130,95,65,45,4,False
472,Gliscor,42.5,2.0,Ground,Flying,510,75,95,125,45,75,95,30,4,False
473,Mamoswine,291.0,2.5,Ice,Ground,530,110,130,80,70,60,80,50,4,False
474,Porygon-Z,34.0,0.9,Normal,,535,85,80,70,135,75,90,30,4,False
475,Gallade,52.0,1.6,Psychic,Fighting,518,68,125,65,65,115,80,45,4,False
476,Probopass,340.0,1.4,Rock,Steel,525,60,55,145,75,150,40,60,4,False
477,Dusknoir,106.6,2.2,Ghost,,525,45,100,135,65,135,45,45,4,False
478,Froslass,26.6,1.3,Ice,Ghost,480,70,80,70,80,70,110,75,4,False
479,Rotom,0.3,0.3,Electric,Ghost,440,50,50,77,95,77,91,45,4,False
480,Uxie,0.3,0.3,Psychic,,580,75,75,130,75,130,95,3,4,True
481,Mesprit,0.3,0.3,Psychic,,580,80,105,105,105,105,80,3,4,True
482,Azelf,0.3,0.3,Psychic,,580,75,125,70,125,70,115,3,4,True
483,Dialga,683.0,5.4,Steel,Dragon,680,100,120,120,150,100,90,3,4,True
484,Palkia,336.0,4.2,Water,Dragon,680,90,120,100,150,120,100,3,4,True
485,Heatran,430.0,1.7,Fire,Steel,600,91,90,106,130,106,77,3,4,True
486,Regigigas,420.0,3.7,Normal,,670,110,160,110,80,110,100,3,4,True
488,Cresselia,85.6,1.5,Psychic,,600,120,70,120,75,130,85,3,4,False
489,Phione,3.1,0.4,Water,,480,80,80,80,80,80,80,30,4,False
490,Manaphy,1.4,0.3,Water,,600,100,100,100,100,100,100,3,4,False
491,Darkrai,50.5,1.5,Dark,,600,70,90,90,135,90,125,3,4,True
493,Arceus,320.0,3.2,Normal,,720,120,120,120,120,120,120,3,4,True
494,Victini,4.0,0.4,Psychic,Fire,600,100,100,100,100,100,100,3,5,True
495,Snivy,8.1,0.6,Grass,,308,45,45,55,45,55,63,45,5,False
496,Servine,16.0,0.8,Grass,,413,60,60,75,60,75,83,45,5,False
497,Serperior,63.0,3.3,Grass,,528,75,75,95,75,95,113,45,5,False
498,Tepig,9.9,0.5,Fire,,308,65,63,45,45,45,45,45,5,False
499,Pignite,55.5,1.0,Fire,Fighting,418,90,93,55,70,55,55,45,5,False
500,Emboar,150.0,1.6,Fire,Fighting,528,110,123,65,100,65,65,45,5,False
501,Oshawott,5.9,0.5,Water,,308,55,55,45,63,45,45,45,5,False
502,Dewott,24.5,0.8,Water,,413,75,75,60,83,60,60,45,5,False
503,Samurott,94.6,1.5,Water,,528,95,100,85,108,70,70,45,5,False
504,Patrat,11.6,0.5,Normal,,255,45,55,39,35,39,42,255,5,False
505,Watchog,27.0,1.1,Normal,,420,60,85,69,60,69,77,255,5,False
506,Lillipup,4.1,0.4,Normal,,275,45,60,45,25,45,55,255,5,False
507,Herdier,14.7,0.9,Normal,,370,65,80,65,35,65,60,120,5,False
508,Stoutland,61.0,1.2,Normal,,500,85,110,90,45,90,80,45,5,False
509,Purrloin,10.1,0.4,Dark,,281,41,50,37,50,37,66,255,5,False
510,Liepard,37.5,1.1,Dark,,446,64,88,50,88,50,106,90,5,False
511,Pansage,10.5,0.6,Grass,,316,50,53,48,53,48,64,190,5,False
512,Simisage,30.5,1.1,Grass,,498,75,98,63,98,63,101,75,5,False
513,Pansear,11.0,0.6,Fire,,316,50,53,48,53,48,64,190,5,False
514,Simisear,28.0,1.0,Fire,,498,75,98,63,98,63,101,75,5,False
515,Panpour,13.5,0.6,Water,,316,50,53,48,53,48,64,190,5,False
516,Simipour,29.0,1.0,Water,,498,75,98,63,98,63,101,75,5,False
517,Munna,23.3,0.6,Psychic,,292,76,25,45,67,55,24,190,5,False
518,Musharna,60.5,1.1,Psychic,,487,116,55,85,107,95,29,75,5,False
519,Pidove,2.1,0.3,Normal,Flying,264,50,55,50,36,30,43,255,5,False
520,Tranquill,15.0,0.6,Normal,Flying,358,62,77,62,50,42,65,120,5,False
521,Unfezant,29.0,1.2,Normal,Flying,488,80,115,80,65,55,93,45,5,False
522,Blitzle,29.8,0.8,Electric,,295,45,60,32,50,32,76,190,5,False
523,Zebstrika,79.5,1.6,Electric,,497,75,100,63,80,63,116,75,5,False
524,Roggenrola,18.0,0.4,Rock,,280,55,75,85,25,25,15,255,5,False
525,Boldore,102.0,0.9,Rock,,390,70,105,105,50,40,20,120,5,False
526,Gigalith,260.0,1.7,Rock,,515,85,135,130,60,80,25,45,5,False
527,Woobat,2.1,0.4,Psychic,Flying,313,55,45,43,55,43,72,190,5,False
528,Swoobat,10.5,0.9,Psychic,Flying,425,67,57,55,77,55,114,45,5,False
529,Drilbur,8.5,0.3,Ground,,328,60,85,40,30,45,68,120,5,False
530,Excadrill,40.4,0.7,Ground,Steel,508,110,135,60,50,65,88,60,5,False
531,Audino,31.0,1.1,Normal,,445,103,60,86,60,86,50,255,5,False
532,Timburr,12.5,0.6,Fighting,,305,75,80,55,25,35,35,180,5,False
533,Gurdurr,40.0,1.2,Fighting,,405,85,105,85,40,50,40,90,5,False
534,Conkeldurr,87.0,1.4,Fighting,,505,105,140,95,55,65,45,45,5,False
535,Tympole,4.5,0.5,Water,,294,50,50,40,50,40,64,255,5,False
536,Palpitoad,17.0,0.8,Water,Ground,384,75,65,55,65,55,69,120,5,False
537,Seismitoad,62.0,1.5,Water,Ground,509,105,95,75,85,75,74,45,5,False
538,Throh,55.5,1.3,Fighting,,465,120,100,85,30,85,45,45,5,False
539,Sawk,51.0,1.4,Fighting,,465,75,125,75,30,75,85,45,5,False
540,Sewaddle,2.5,0.3,Bug,Grass,310,45,53,70,40,60,42,255,5,False
541,Swadloon,7.3,0.5,Bug,Grass,380,55,63,90,50,80,42,120,5,False
542,Leavanny,20.5,1.2,Bug,Grass,500,75,103,80,70,80,92,45,5,False
543,Venipede,5.3,0.4,Bug,Poison,260,30,45,59,30,39,57,255,5,False
544,Whirlipede,58.5,1.2,Bug,Poison,360,40,55,99,40,79,47,120,5,False
545,Scolipede,200.5,2.5,Bug,Poison,485,60,100,89,55,69,112,45,5,False
546,Cottonee,0.6,0.3,Grass,Fairy,280,40,27,60,37,50,66,190,5,False
547,Whimsicott,6.6,0.7,Grass,Fairy,480,60,67,85,77,75,116,75,5,False
548,Petilil,6.6,0.5,Grass,,280,45,35,50,70,50,30,190,5,False
549,Lilligant,16.3,1.1,Grass,,480,70,60,75,110,75,90,75,5,False
550,Basculin,18.0,1.0,Water,,460,70,92,65,80,55,98,25,5,False
551,Sandile,15.2,0.7,Ground,Dark,292,50,72,35,35,35,65,180,5,False
552,Krokorok,33.4,1.0,Ground,Dark,351,60,82,45,45,45,74,90,5,False
553,Krookodile,96.3,1.5,Ground,Dark,519,95,117,80,65,70,92,45,5,False
554,Darumaka,37.5,0.6,Fire,,315,70,90,45,15,45,50,120,5,False
556,Maractus,28.0,1.0,Grass,,461,75,86,67,106,67,60,255,5,False
557,Dwebble,14.5,0.3,Bug,Rock,325,50,65,85,35,35,55,190,5,False
558,Crustle,200.0,1.4,Bug,Rock,475,70,95,125,65,75,45,75,5,False
559,Scraggy,11.8,0.6,Dark,Fighting,348,50,75,70,35,70,48,180,5,False
560,Scrafty,30.0,1.1,Dark,Fighting,488,65,90,115,45,115,58,90,5,False
561,Sigilyph,14.0,1.4,Psychic,Flying,490,72,58,80,103,80,97,45,5,False
562,Yamask,1.5,0.5,Ghost,,303,38,30,85,55,65,30,190,5,False
563,Cofagrigus,76.5,1.7,Ghost,,483,58,50,145,95,105,30,90,5,False
564,Tirtouga,16.5,0.7,Water,Rock,355,54,78,103,53,45,22,45,5,False
565,Carracosta,81.0,1.2,Water,Rock,495,74,108,133,83,65,32,45,5,False
566,Archen,9.5,0.5,Rock,Flying,401,55,112,45,74,45,70,45,5,False
567,Archeops,32.0,1.4,Rock,Flying,567,75,140,65,112,65,110,45,5,False
568,Trubbish,31.0,0.6,Poison,,329,50,50,62,40,62,65,190,5,False
569,Garbodor,107.3,1.9,Poison,,474,80,95,82,60,82,75,60,5,False
570,Zorua,12.5,0.7,Dark,,330,40,65,40,80,40,65,75,5,False
571,Zoroark,81.1,1.6,Dark,,510,60,105,60,120,60,105,45,5,False
572,Minccino,5.8,0.4,Normal,,300,55,50,40,40,40,75,255,5,False
573,Cinccino,7.5,0.5,Normal,,470,75,95,60,65,60,115,60,5,False
574,Gothita,5.8,0.4,Psychic,,290,45,30,50,55,65,45,200,5,False
575,Gothorita,18.0,0.7,Psychic,,390,60,45,70,75,85,55,100,5,False
576,Gothitelle,44.0,1.5,Psychic,,490,70,55,95,95,110,65,50,5,False
577,Solosis,1.0,0.3,Psychic,,290,45,30,40,105,50,20,200,5,False
578,Duosion,8.0,0.6,Psychic,,370,65,40,50,125,60,30,100,5,False
579,Reuniclus,20.1,1.0,Psychic,,490,110,65,75,125,85,30,50,5,False
580,Ducklett,5.5,0.5,Water,Flying,305,62,44,50,44,50,55,190,5,False
581,Swanna,24.2,1.3,Water,Flying,473,75,87,63,87,63,98,45,5,False
582,Vanillite,5.7,0.4,Ice,,305,36,50,50,65,60,44,255,5,False
583,Vanillish,41.0,1.1,Ice,,395,51,65,65,80,75,59,120,5,False
584,Vanilluxe,57.5,1.3,Ice,,535,71,95,85,110,95,79,45,5,False
585,Deerling,19.5,0.6,Normal,Grass,335,60,60,50,40,50,75,190,5,False
586,Sawsbuck,92.5,1.9,Normal,Grass,475,80,100,70,60,70,95,75,5,False
587,Emolga,5.0,0.4,Electric,Flying,428,55,75,60,75,60,103,200,5,False
588,Karrablast,5.9,0.5,Bug,,315,50,75,45,40,45,60,200,5,False
589,Escavalier,33.0,1.0,Bug,Steel,495,70,135,105,60,105,20,75,5,False
590,Foongus,1.0,0.2,Grass,Poison,294,69,55,45,55,55,15,190,5,False
591,Amoonguss,10.5,0.6,Grass,Poison,464,114,85,70,85,80,30,75,5,False
592,Frillish,33.0,1.2,Water,Ghost,335,55,40,50,65,85,40,190,5,False
593,Jellicent,135.0,2.2,Water,Ghost,480,100,60,70,85,105,60,60,5,False
594,Alomomola,31.6,1.2,Water,,470,165,75,80,40,45,65,75,5,False
595,Joltik,0.6,0.1,Bug,Electric,319,50,47,50,57,50,65,190,5,False
596,Galvantula,14.3,0.8,Bug,Electric,472,70,77,60,97,60,108,75,5,False
597,Ferroseed,18.8,0.6,Grass,Steel,305,44,50,91,24,86,10,255,5,False
598,Ferrothorn,110.0,1.0,Grass,Steel,489,74,94,131,54,116,20,90,5,False
599,Klink,21.0,0.3,Steel,,300,40,55,70,45,60,30,130,5,False
600,Klang,51.0,0.6,Steel,,440,60,80,95,70,85,50,60,5,False
601,Klinklang,81.0,0.6,Steel,,520,60,100,115,70,85,90,30,5,False
602,Tynamo,0.3,0.2,Electric,,275,35,55,40,45,40,60,190,5,False
603,Eelektrik,22.0,1.2,Electric,,405,65,85,70,75,70,40,60,5,False
604,Eelektross,85.5,2.1,Electric,,515,85,115,80,105,80,50,30,5,False
605,Elgyem,9.0,0.5,Psychic,,335,55,55,55,85,55,30,255,5,False
606,Beheeyem,34.5,1.0,Psychic,,485,75,75,75,125,95,40,90,5,False
607,Litwick,3.1,0.3,Ghost,Fire,275,50,30,55,65,55,20,190,5,False
608,Lampent,13.0,0.6,Ghost,Fire,370,60,40,60,95,60,55,90,5,False
609,Chandelure,34.3,1.0,Ghost,Fire,520,60,55,90,145,90,80,45,5,False
610,Axew,18.0,0.6,Dragon,,320,46,87,60,30,40,57,75,5,False
611,Fraxure,36.0,1.0,Dragon,,410,66,117,70,40,50,67,60,5,False
612,Haxorus,105.5,1.8,Dragon,,540,76,147,90,60,70,97,45,5,False
613,Cubchoo,8.5,0.5,Ice,,305,55,70,40,60,40,40,120,5,False
614,Beartic,260.0,2.6,Ice,,485,95,110,80,70,80,50,60,5,False
615,Cryogonal,148.0,1.1,Ice,,485,70,50,30,95,135,105,25,5,False
616,Shelmet,7.7,0.4,Bug,,305,50,40,85,40,65,25,200,5,False
617,Accelgor,25.3,0.8,Bug,,495,80,70,40,100,60,145,75,5,False
618,Stunfisk,11.0,0.7,Ground,Electric,471,109,66,84,81,99,32,75,5,False
619,Mienfoo,20.0,0.9,Fighting,,350,45,85,50,55,50,65,180,5,False
620,Mienshao,35.5,1.4,Fighting,,510,65,125,60,95,60,105,45,5,False
621,Druddigon,139.0,1.6,Dragon,,485,77,120,90,60,90,48,45,5,False
622,Golett,92.0,1.0,Ground,Ghost,303,59,74,50,35,50,35,190,5,False
623,Golurk,330.0,2.8,Ground,Ghost,483,89,124,80,55,80,55,90,5,False
624,Pawniard,10.2,0.5,Dark,Steel,340,45,85,70,40,40,60,120,5,False
625,Bisharp,70.0,1.6,Dark,Steel,490,65,125,100,60,70,70,45,5,False
626,Bouffalant,94.6,1.6,Normal,,490,95,110,95,40,95,55,45,5,False
627,Rufflet,10.5,0.5,Normal,Flying,350,70,83,50,37,50,60,190,5,False
628,Braviary,41.0,1.5,Normal,Flying,510,100,123,75,57,75,80,60,5,False
629,Vullaby,9.0,0.5,Dark,Flying,370,70,55,75,45,65,60,190,5,False
630,Mandibuzz,39.5,1.2,Dark,Flying,510,110,65,105,55,95,80,60,5,False
631,Heatmor,58.0,1.4,Fire,,484,85,97,66,105,66,65,90,5,False
632,Durant,33.0,0.3,Bug,Steel,484,58,109,112,48,48,109,90,5,False
633,Deino,17.3,0.8,Dark,Dragon,300,52,65,50,45,50,38,190,5,False
634,Zweilous,50.0,1.4,Dark,Dragon,420,72,85,70,65,70,58,45,5,False
635,Hydreigon,160.0,1.8,Dark,Dragon,600,92,105,90,125,90,98,45,5,False
636,Larvesta,28.8,1.1,Bug,Fire,360,55,85,55,50,55,60,45,5,False
637,Volcarona,46.0,1.6,Bug,Fire,550,85,60,65,135,105,100,15,5,False
638,Cobalion,250.0,2.1,Steel,Fighting,580,91,90,129,90,72,108,3,5,True
639,Terrakion,260.0,1.9,Rock,Fighting,580,91,129,90,72,90,108,3,5,True
640,Virizion,200.0,2.0,Grass,Fighting,580,91,90,72,90,129,108,3,5,True
643,Reshiram,330.0,3.2,Dragon,Fire,680,100,120,100,150,120,90,45,5,True
644,Zekrom,345.0,2.9,Dragon,Electric,680,100,150,120,120,100,90,45,5,True
646,Kyurem,325.0,3.0,Dragon,Ice,660,125,130,90,130,90,95,3,5,True
649,Genesect,82.5,1.5,Bug,Steel,600,71,120,95,120,95,99,3,5,False
650,Chespin,9.0,0.4,Grass,,313,56,61,65,48,45,38,45,6,False
651,Quilladin,29.0,0.7,Grass,,405,61,78,95,56,58,57,45,6,False
652,Chesnaught,90.0,1.6,Grass,Fighting,530,88,107,122,74,75,64,45,6,False
653,Fennekin,9.4,0.4,Fire,,307,40,45,40,62,60,60,45,6,False
654,Braixen,14.5,1.0,Fire,,409,59,59,58,90,70,73,45,6,False
655,Delphox,39.0,1.5,Fire,Psychic,534,75,69,72,114,100,104,45,6,False
656,Froakie,7.0,0.3,Water,,314,41,56,40,62,44,71,45,6,False
657,Frogadier,10.9,0.6,Water,,405,54,63,52,83,56,97,45,6,False
658,Greninja,40.0,1.5,Water,Dark,530,72,95,67,103,71,122,45,6,False
659,Bunnelby,5.0,0.4,Normal,,237,38,36,38,32,36,57,255,6,False
660,Diggersby,42.4,1.0,Normal,Ground,423,85,56,77,50,77,78,127,6,False
661,Fletchling,1.7,0.3,Normal,Flying,278,45,50,43,40,38,62,255,6,False
662,Fletchinder,16.0,0.7,Fire,Flying,382,62,73,55,56,52,84,120,6,False
663,Talonflame,24.5,1.2,Fire,Flying,499,78,81,71,74,69,126,45,6,False
664,Scatterbug,2.5,0.3,Bug,,200,38,35,40,27,25,35,255,6,False
665,Spewpa,8.4,0.3,Bug,,213,45,22,60,27,30,29,120,6,False
666,Vivillon,17.0,1.2,Bug,Flying,411,80,52,50,90,50,89,45,6,False
667,Litleo,13.5,0.6,Fire,Normal,369,62,50,58,73,54,72,220,6,False
668,Pyroar,81.5,1.5,Fire,Normal,507,86,68,72,109,66,106,65,6,False
669,Flabébé,0.1,0.1,Fairy,,303,44,38,39,61,79,42,255,6,False
670,Floette,0.9,0.2,Fairy,,371,54,45,47,75,98,52,255,6,False
671,Florges,10.0,1.1,Fairy,,552,78,65,68,112,154,75,45,6,False
672,Skiddo,31.0,0.9,Grass,,350,66,65,48,62,57,52,200,6,False
673,Gogoat,91.0,1.7,Grass,,531,123,100,62,97,81,68,45,6,False
674,Pancham,8.0,0.6,Fighting,,348,67,82,62,46,48,43,128,6,False
675,Pangoro,136.0,2.1,Fighting,Dark,495,95,124,78,69,71,58,65,6,False
676,Furfrou,28.0,1.2,Normal,,472,75,80,60,65,90,102,160,6,False
677,Espurr,3.5,0.3,Psychic,,355,62,48,54,63,60,68,190,6,False
679,Honedge,2.0,0.8,Steel,Ghost,325,45,80,100,35,37,28,180,6,False
680,Doublade,4.5,0.8,Steel,Ghost,448,59,110,150,45,49,35,90,6,False
682,Spritzee,0.5,0.2,Fairy,,341,78,52,60,63,65,23,200,6,False
683,Aromatisse,15.5,0.8,Fairy,,462,101,72,72,99,89,29,140,6,False
684,Swirlix,3.5,0.4,Fairy,,341,62,48,66,59,57,49,200,6,False
685,Slurpuff,5.0,0.8,Fairy,,480,82,80,86,85,75,72,140,6,False
686,Inkay,3.5,0.4,Dark,Psychic,288,53,54,53,37,46,45,190,6,False
687,Malamar,47.0,1.5,Dark,Psychic,482,86,92,88,68,75,73,95,6,False
688,Binacle,31.0,0.5,Rock,Water,306,42,52,67,39,56,50,120,6,False
689,Barbaracle,96.0,1.3,Rock,Water,500,72,105,115,54,86,68,45,6,False
690,Skrelp,7.3,0.5,Poison,Water,320,50,60,60,60,60,30,225,6,False
691,Dragalge,81.5,1.8,Poison,Dragon,494,65,75,90,97,123,44,55,6,False
692,Clauncher,8.3,0.5,Water,,330,50,53,62,58,63,44,225,6,False
693,Clawitzer,35.3,1.3,Water,,500,71,73,88,120,89,59,55,6,False
694,Helioptile,6.0,0.5,Electric,Normal,289,44,38,33,61,43,70,190,6,False
695,Heliolisk,21.0,1.0,Electric,Normal,481,62,55,52,109,94,109,75,6,False
696,Tyrunt,26.0,0.8,Rock,Dragon,362,58,89,77,45,45,48,45,6,False
697,Tyrantrum,270.0,2.5,Rock,Dragon,521,82,121,119,69,59,71,45,6,False
698,Amaura,25.2,1.3,Rock,Ice,362,77,59,50,67,63,46,45,6,False
699,Aurorus,225.0,2.7,Rock,Ice,521,123,77,72,99,92,58,45,6,False
700,Sylveon,23.5,1.0,Fairy,,525,95,65,65,110,130,60,45,6,False
701,Hawlucha,21.5,0.8,Fighting,Flying,500,78,92,75,74,63,118,100,6,False
702,Dedenne,2.2,0.2,Electric,Fairy,431,67,58,57,81,67,101,180,6,False
703,Carbink,5.7,0.3,Rock,Fairy,500,50,50,150,50,150,50,60,6,False
704,Goomy,2.8,0.3,Dragon,,300,45,50,35,55,75,40,45,6,False
705,Sliggoo,17.5,0.8,Dragon,,452,68,75,53,83,113,60,45,6,False
706,Goodra,150.5,2.0,Dragon,,600,90,100,70,110,150,80,45,6,False
707,Klefki,3.0,0.2,Steel,Fairy,470,57,80,91,80,87,75,75,6,False
708,Phantump,7.0,0.4,Ghost,Grass,309,43,70,48,50,60,38,120,6,False
709,Trevenant,71.0,1.5,Ghost,Grass,474,85,110,76,65,82,56,60,6,False
712,Bergmite,99.5,1.0,Ice,,304,55,69,85,32,35,28,190,6,False
713,Avalugg,505.0,2.0,Ice,,514,95,117,184,44,46,28,55,6,False
714,Noibat,8.0,0.5,Flying,Dragon,245,40,30,35,45,40,55,190,6,False
715,Noivern,85.0,1.5,Flying,Dragon,535,85,70,80,97,80,123,45,6,False
716,Xerneas,215.0,3.0,Fairy,,680,126,131,95,131,98,99,70,6,True
717,Yveltal,203.0,5.8,Dark,Flying,680,126,131,95,131,98,99,70,6,True
719,Diancie,8.8,0.7,Rock,Fairy,600,50,100,150,100,150,50,3,6,True
721,Volcanion,195.0,1.7,Fire,Water,600,80,110,120,130,90,70,3,6,True
722,Rowlet,1.5,0.3,Grass,Flying,320,68,55,55,50,50,42,45,7,False
723,Dartrix,16.0,0.7,Grass,Flying,420,78,75,75,70,70,52,45,7,False
724,Decidueye,36.6,1.6,Grass,Ghost,530,78,107,75,100,100,70,45,7,False
725,Litten,4.3,0.4,Fire,,320,45,65,40,60,40,70,45,7,False
726,Torracat,25.0,0.7,Fire,,420,65,85,50,80,50,90,45,7,False
727,Incineroar,83.0,1.8,Fire,Dark,530,95,115,90,80,90,60,45,7,False
728,Popplio,7.5,0.4,Water,,320,50,54,54,66,56,40,45,7,False
729,Brionne,17.5,0.6,Water,,420,60,69,69,91,81,50,45,7,False
730,Primarina,44.0,1.8,Water,Fairy,530,80,74,74,126,116,60,45,7,False
731,Pikipek,1.2,0.3,Normal,Flying,265,35,75,30,30,30,65,255,7,False
732,Trumbeak,14.8,0.6,Normal,Flying,355,55,85,50,40,50,75,120,7,False
733,Toucannon,26.0,1.1,Normal,Flying,485,80,120,75,75,75,60,45,7,False
734,Yungoos,6.0,0.4,Normal,,253,48,70,30,30,30,45,255,7,False
735,Gumshoos,14.2,0.7,Normal,,418,88,110,60,55,60,45,127,7,False
736,Grubbin,4.4,0.4,Bug,,300,47,62,45,55,45,46,255,7,False
737,Charjabug,10.5,0.5,Bug,Electric,400,57,82,95,55,75,36,120,7,False
738,Vikavolt,45.0,1.5,Bug,Electric,500,77,70,90,145,75,43,45,7,False
739,Crabrawler,7.0,0.6,Fighting,,338,47,82,57,42,47,63,225,7,False
740,Crabominable,180.0,1.7,Fighting,Ice,478,97,132,77,62,67,43,60,7,False
741,Oricorio,3.4,0.6,,,476,75,70,70,98,70,93,45,7,False
742,Cutiefly,0.2,0.1,Bug,Fairy,304,40,45,40,55,40,84,190,7,False
743,Ribombee,0.5,0.2,Bug,Fairy,464,60,55,60,95,70,124,75,7,False
744,Rockruff,9.2,0.5,Rock,,280,45,65,40,30,40,60,190,7,False
745,Lycanroc,25.0,0.8,,,487,75,115,65,55,65,112,90,7,False
746,Wishiwashi,0.3,0.2,Water,,175,45,20,20,25,25,40,60,7,False
747,Mareanie,8.0,0.4,Poison,Water,305,50,53,62,43,52,45,190,7,False
748,Toxapex,14.5,0.7,Poison,Water,495,50,63,152,53,142,35,75,7,False
749,Mudbray,110.0,1.0,Ground,,385,70,100,70,45,55,45,190,7,False
750,Mudsdale,920.0,2.5,Ground,,500,100,125,100,55,85,35,60,7,False
751,Dewpider,4.0,0.3,Water,Bug,269,38,40,52,40,72,27,200,7,False
752,Araquanid,82.0,1.8,Water,Bug,454,68,70,92,50,132,42,100,7,False
753,Fomantis,1.5,0.3,Grass,,250,40,55,35,50,35,35,190,7,False
754,Lurantis,18.5,0.9,Grass,,480,70,105,90,80,90,45,75,7,False
755,Morelull,1.5,0.2,Grass,Fairy,285,40,35,55,65,75,15,190,7,False
756,Shiinotic,11.5,1.0,Grass,Fairy,405,60,45,80,90,100,30,75,7,False
757,Salandit,4.8,0.6,Poison,Fire,320,48,44,40,71,40,77,120,7,False
758,Salazzle,22.2,1.2,Poison,Fire,480,68,64,60,111,60,117,45,7,False
759,Stufful,6.8,0.5,Normal,Fighting,340,70,75,50,45,50,50,140,7,False
760,Bewear,135.0,2.1,Normal,Fighting,500,120,125,80,55,60,60,70,7,False
761,Bounsweet,3.2,0.3,Grass,,210,42,30,38,30,38,32,235,7,False
762,Steenee,8.2,0.7,Grass,,290,52,40,48,40,48,62,120,7,False
763,Tsareena,21.4,1.2,Grass,,510,72,120,98,50,98,72,45,7,False
764,Comfey,0.3,0.1,Fairy,,485,51,52,90,82,110,100,60,7,False
765,Oranguru,76.0,1.5,Normal,Psychic,490,90,60,80,90,110,60,45,7,False
766,Passimian,82.8,2.0,Fighting,,490,100,120,90,40,60,80,45,7,False
767,Wimpod,12.0,0.5,Bug,Water,230,25,35,40,20,30,80,90,7,False
768,Golisopod,108.0,2.0,Bug,Water,530,75,125,140,60,90,40,45,7,False
769,Sandygast,70.0,0.5,Ghost,Ground,320,55,55,80,70,45,15,190,7,False
770,Palossand,250.0,1.3,Ghost,Ground,480,85,75,110,100,75,35,60,7,False
771,Pyukumuku,1.2,0.3,Water,,410,55,60,130,30,130,5,60,7,False
772,Codigo_Cero,120.5,1.9,Normal,,534,95,95,95,95,95,59,3,7,True
773,Silvally,100.5,2.3,Normal,,570,95,95,95,95,95,95,3,7,True
774,Minior,40.0,0.3,,,440,60,60,100,60,100,60,30,7,False
775,Komala,19.9,0.4,Normal,,480,65,115,65,75,95,65,45,7,False
776,Turtonator,212.0,2.0,Fire,Dragon,485,60,78,135,91,85,36,70,7,False
777,Togedemaru,3.3,0.3,Electric,Steel,435,65,98,63,40,73,96,180,7,False
778,Mimikyu,0.7,0.2,Ghost,Fairy,476,55,90,80,50,105,96,45,7,False
779,Bruxish,19.0,0.9,Water,Psychic,475,68,105,70,70,70,92,80,7,False
780,Drampa,185.0,3.0,Normal,Dragon,485,78,60,85,135,91,36,70,7,False
781,Dhelmise,210.0,3.9,Ghost,Grass,517,70,131,100,86,90,40,25,7,False
782,Jangmo-o,29.7,0.6,Dragon,,300,45,55,65,45,45,45,45,7,False
783,Hakamo-o,47.0,1.2,Dragon,Fighting,420,55,75,90,65,70,65,45,7,False
784,Kommo-o,78.2,1.6,Dragon,Fighting,600,75,110,125,100,105,85,45,7,False
785,Tapu_Koko,20.5,1.8,Electric,Fairy,570,70,115,85,95,75,130,3,7,True
786,Tapu_Lele,18.6,1.2,Psychic,Fairy,570,70,85,75,130,115,95,3,7,True
787,Tapu_Bulu,45.5,1.9,Grass,Fairy,570,70,130,115,85,95,75,3,7,True
788,Tapu_Fini,21.2,1.3,Water,Fairy,570,70,75,115,95,130,85,3,7,True
789,Cosmog,0.1,0.2,Psychic,,200,43,29,31,29,31,37,45,7,True
790,Cosmoem,999.9,0.1,Psychic,,400,43,29,131,29,131,37,45,7,True
791,Solgaleo,230.0,3.4,Psychic,Steel,680,137,137,107,113,89,97,45,7,True
792,Lunala,120.0,4.0,Psychic,Ghost,680,137,113,89,137,107,97,45,7,True
793,Nihilego,55.5,1.2,Rock,Poison,570,109,53,47,127,131,103,45,7,True
794,Buzzwole,333.6,2.4,Bug,Fighting,570,107,139,139,53,53,79,25,7,False
795,Pheromosa,25.0,1.8,Bug,Fighting,570,71,137,37,137,37,151,45,7,False
796,Xurkitree,100.0,3.8,Electric,,570,83,89,71,173,71,83,30,7,False
797,Celesteela,999.9,9.2,Steel,Flying,570,97,101,103,107,101,61,25,7,False
798,Kartana,0.1,0.3,Grass,Steel,570,59,181,131,59,31,109,45,7,False
799,Guzzlord,888.0,5.5,Dark,Dragon,570,223,101,53,97,53,43,15,7,False
800,Necrozma,230.0,2.4,,,600,97,107,101,127,89,79,3,7,True
801,Magearna,80.5,1.0,,,600,80,95,115,130,115,65,3,7,False
802,Marshadow,22.2,0.7,Fighting,Ghost,600,90,125,80,90,90,125,3,7,False
803,Poipole,1.8,0.6,Poison,,420,67,73,67,73,67,73,45,7,False
804,Naganadel,150.0,3.6,Poison,Dragon,540,73,73,73,127,73,121,45,7,False
805,Stakataka,820.0,5.5,Rock,Steel,570,61,131,211,53,101,13,30,7,False
806,Blacephalon,13.0,1.8,Fire,Ghost,570,53,127,53,151,79,107,30,7,False
807,Zeraora,44.5,1.5,Electric,,600,88,112,75,102,80,143,3,7,False
808,Meltan,8.0,0.2,Steel,,300,46,65,65,55,35,34,3,7,False
809,Melmetal,800.0,2.5,Steel,,600,135,143,143,80,65,34,3,7,False
810,Grookey,5.0,0.3,Grass,,310,50,65,50,40,40,65,45,8,False
811,Thwackey,14.0,0.7,Grass,,420,70,85,70,55,60,80,45,8,False
812,Rillaboom,90.0,2.1,Grass,,530,100,125,90,60,70,85,45,8,False
813,Scorbunny,4.5,0.3,Fire,,310,50,71,40,40,40,69,45,8,False
814,Raboot,9.0,0.6,Fire,,420,65,86,60,55,60,94,45,8,False
815,Cinderace,33.0,1.4,Fire,,530,80,116,75,65,75,119,45,8,False
816,Sobble,4.0,0.3,Water,,310,50,40,40,70,40,70,45,8,False
817,Drizzile,11.5,0.7,Water,,420,65,60,55,95,55,90,45,8,False
818,Inteleon,45.2,1.9,Water,,530,70,85,65,125,65,120,45,8,False
819,Skwovet,2.5,0.3,Normal,,275,70,55,55,35,35,25,255,8,False
820,Greedent,6.0,0.6,Normal,,460,120,95,95,55,75,20,90,8,False
821,Rookidee,1.8,0.2,Flying,,245,38,47,35,33,35,57,255,8,False
822,Corvisquire,16.0,0.8,Flying,,365,68,67,55,43,55,77,120,8,False
823,Corviknight,75.0,2.2,Flying,Steel,495,98,87,105,53,85,67,45,8,False
824,Blipbug,8.0,0.4,Bug,,180,25,20,20,25,45,45,255,8,False
825,Dottler,19.5,0.4,Bug,Psychic,335,50,35,80,50,90,30,120,8,False
826,Orbeetle,40.8,0.4,Bug,Psychic,505,60,45,110,80,120,90,45,8,False
827,Nickit,8.9,0.6,Dark,,245,40,28,28,47,52,50,255,8,False
828,Thievul,19.9,1.2,Dark,,455,70,58,58,87,92,90,127,8,False
829,Gossifleur,2.2,0.4,Grass,,250,40,40,60,40,60,10,190,8,False
830,Eldegoss,2.5,0.5,Grass,,460,60,50,90,80,120,60,75,8,False
831,Wooloo,6.0,0.6,Normal,,270,42,40,55,40,45,48,255,8,False
832,Dubwool,43.0,1.3,Normal,,490,72,80,100,60,90,88,127,8,False
833,Chewtle,8.5,0.3,Water,,284,50,64,50,38,38,44,255,8,False
834,Drednaw,115.5,1.0,Water,Rock,485,90,115,90,48,68,74,75,8,False
835,Yamper,13.5,0.3,Electric,,270,59,45,50,40,50,26,255,8,False
836,Boltund,34.0,1.0,Electric,,490,69,90,60,90,60,121,45,8,False
837,Rolycoly,12.0,0.3,Rock,,240,30,40,50,40,50,30,255,8,False
838,Carkol,78.0,1.1,Rock,Fire,410,80,60,90,60,70,50,120,8,False
839,Coalossal,310.5,2.8,Rock,Fire,510,110,80,120,80,90,30,45,8,False
840,Applin,0.5,0.2,Grass,Dragon,260,40,40,80,40,40,20,255,8,False
841,Flapple,1.0,0.3,Grass,Dragon,485,70,110,80,95,60,70,45,8,False
842,Appletun,13.0,0.4,Grass,Dragon,485,110,85,80,100,80,30,45,8,False
843,Silicobra,7.6,2.2,Ground,,315,52,57,75,35,50,46,255,8,False
844,Sandaconda,65.5,3.8,Ground,,510,72,107,125,65,70,71,120,8,False
845,Cramorant,18.0,0.8,Flying,Water,475,70,85,55,85,95,85,45,8,False
846,Arrokuda,1.0,0.5,Water,,280,41,63,40,40,30,66,255,8,False
847,Barraskewda,30.0,1.3,Water,,490,61,123,60,60,50,136,60,8,False
848,Toxel,11.0,0.4,Electric,Poison,242,40,38,35,54,35,40,75,8,False
849,Toxtricity,40.0,1.6,Electric,Poison,502,75,98,70,114,70,75,45,8,False
850,Sizzlipede,1.0,0.7,Fire,Bug,305,50,65,45,50,50,45,190,8,False
851,Centiskorch,120.0,3.0,Fire,Bug,525,100,115,65,90,90,65,75,8,False
852,Clobbopus,4.0,0.6,Fighting,,310,50,68,60,50,50,32,180,8,False
853,Grapploct,39.0,1.6,Fighting,,480,80,118,90,70,80,42,45,8,False
854,Sinistea,0.2,0.1,Ghost,,308,40,45,45,74,54,50,120,8,False
855,Polteageist,0.4,0.2,Ghost,,508,60,65,65,134,114,70,60,8,False
856,Hatenna,3.4,0.4,Psychic,,265,42,30,45,56,53,39,235,8,False
857,Hattrem,4.8,0.6,Psychic,,370,57,40,65,86,73,49,120,8,False
858,Hatterene,5.1,2.1,Psychic,Fairy,510,57,90,95,136,103,29,45,8,False
859,Impidimp,5.5,0.4,Dark,Fairy,265,45,45,30,55,40,50,255,8,False
860,Morgrem,12.5,0.8,Dark,Fairy,370,65,60,45,75,55,70,120,8,False
861,Grimmsnarl,61.0,1.5,Dark,Fairy,510,95,120,65,95,75,60,45,8,False
862,Obstagoon,46.0,1.6,Dark,Normal,520,93,90,101,60,81,95,45,8,False
863,Perrserker,28.0,0.8,Steel,,440,70,110,100,50,60,50,90,8,False
864,Cursola,0.4,1.0,Ghost,,510,60,95,50,145,130,30,30,8,False
866,Mr._Rime,58.2,1.5,Ice,Psychic,520,80,85,75,110,100,70,45,8,False
867,Runerigus,66.6,1.6,Ground,Ghost,483,58,95,145,50,105,30,90,8,False
868,Milcery,0.3,0.2,Fairy,,270,45,40,40,50,61,34,200,8,False
869,Alcremie,0.5,0.3,,,495,65,60,75,110,121,64,100,8,False
870,Falinks,62.0,3.0,Fighting,,470,65,100,100,70,60,75,45,8,False
871,Pincurchin,1.0,0.3,Electric,,435,48,101,95,91,85,15,75,8,False
872,Snom,3.8,0.3,Ice,Bug,185,30,25,35,45,30,20,190,8,False
873,Frosmoth,42.0,1.3,Ice,Bug,475,70,65,60,125,90,65,75,8,False
874,Stonjourner,520.0,2.5,Rock,,470,100,125,135,20,20,70,60,8,False
875,Eiscue,89.0,1.4,Ice,,470,75,80,110,65,90,50,60,8,False
876,Indeedee,28.0,0.9,Psychic,Normal,475,60,65,55,105,95,95,30,8,False
877,Morpeko,3.0,0.3,Electric,Dark,436,58,95,58,70,58,97,180,8,False
878,Cufant,100.0,1.2,Steel,,330,72,80,49,40,49,40,190,8,False
879,Copperajah,650.0,3.0,Steel,,500,122,130,69,80,69,30,90,8,False
880,Dracozolt,190.0,1.8,Electric,Dragon,505,90,100,90,80,70,75,45,8,False
881,Arctozolt,150.0,2.3,Electric,Ice,505,90,100,90,90,80,55,45,8,False
882,Dracovish,215.0,2.3,Water,Dragon,505,90,90,100,70,80,75,45,8,False
883,Arctovish,175.0,2.0,Water,Ice,505,90,90,100,80,90,55,45,8,False
884,Duraludon,40.0,1.8,Steel,Dragon,535,70,95,115,120,50,85,45,8,False
885,Dreepy,2.0,0.5,Dragon,Ghost,270,28,60,30,40,30,82,45,8,False
886,Drakloak,11.0,1.4,Dragon,Ghost,410,68,80,50,60,50,102,45,8,False
887,Dragapult,50.0,3.0,Dragon,Ghost,600,88,120,75,100,75,142,45,8,False
888,Zacian,110.0,2.8,Fairy,,670,92,130,115,80,115,138,10,8,True
889,Zamazenta,210.0,2.9,Fighting,,670,92,130,115,80,115,138,10,8,True
890,Eternatus,950.0,20.0,Poison,Dragon,690,140,85,95,145,95,130,255,8,True
891,Kubfu,12.0,0.6,Fighting,,385,60,90,60,53,50,72,3,8,True
892,Urshifu,105.0,1.9,Fighting,Dark,550,100,130,100,63,60,97,3,8,True
893,Zarude,70.0,1.8,Dark,Grass,600,105,120,105,70,95,105,3,8,False
894,Regieleki,145.0,1.2,Electric,,580,80,100,50,100,50,200,3,8,True
895,Regidrago,200.0,2.1,Dragon,,580,200,100,50,100,50,80,3,8,True
896,Glastrier,800.0,2.2,Ice,,580,100,145,130,65,110,30,3,8,True
897,Spectrier,44.5,2.0,Ghost,,580,100,65,60,145,80,130,3,8,True
898,Calyrex,7.7,1.1,,,500,100,80,80,80,80,80,3,8,True
899,Wyrdeer,95.1,1.8,Normal,Psychic,525,103,105,72,105,75,65,135,8,False
900,Kleavor,89.0,1.8,Bug,Rock,500,70,135,95,45,70,85,115,8,False
901,Ursaluna,290.0,2.4,Ground,Normal,550,130,140,105,45,80,50,75,8,False
902,Basculegion,110.0,3.0,Water,Ghost,530,120,112,65,80,75,78,135,8,False
903,Sneasler,43.0,1.3,Fighting,Poison,510,80,130,60,40,80,120,135,8,False
904,Overqwil,60.5,2.5,Dark,Poison,510,85,115,95,65,65,85,135,8,False
905,Enamorus,48.0,1.6,Fairy,Flying,580,74,115,70,135,80,106,3,8,True
