Name,Type 1,Type 2,Total,HP,Attack,Defense,Sp. Atk,Sp. Def,Speed,Generation,Legendary,Weight (kg),Height (m)
Bulbasaur,Grass,Poison,318,45,49,49,65,65,45,1,False,6.9,0.7
Ivysaur,Grass,Poison,405,60,62,63,80,80,60,1,False,13.0,1.0
Venusaur,Grass,Poison,525,80,82,83,100,100,80,1,False,100.0,2.0
VenusaurMega Venusaur,Grass,Poison,625,80,100,123,122,120,80,1,False,,NaN
Charmander,Fire,,309,39,52,43,60,50,65,1,False,8.5,0.6
Charmeleon,Fire,,405,58,64,58,80,65,80,1,False,19.0,1.1
Charizard,Fire,Flying,534,78,84,78,109,85,100,1,False,90.5,1.7
CharizardMega Charizard X,Fire,Dragon,634,78,130,111,130,85,100,1,False,,NaN
CharizardMega Charizard Y,Fire,Flying,634,78,104,78,159,115,100,1,False,,NaN
Squirtle,Water,,314,44,48,65,50,64,43,1,False,9.0,0.5
Wartortle,Water,,405,59,63,80,65,80,58,1,False,22.5,1.0
Blastoise,Water,,530,79,83,100,85,105,78,1,False,85.5,1.6
BlastoiseMega Blastoise,Water,,630,79,103,120,135,115,78,1,False,,NaN
Caterpie,Bug,,195,45,30,35,20,20,45,1,False,2.9,0.3
Metapod,Bug,,205,50,20,55,25,25,30,1,False,9.9,0.7
Butterfree,Bug,Flying,395,60,45,50,90,80,70,1,False,32.0,1.1
Weedle,Bug,Poison,195,40,35,30,20,20,50,1,False,3.2,0.3
Kakuna,Bug,Poison,205,45,25,50,25,25,35,1,False,10.0,0.6
Beedrill,Bug,Poison,395,65,90,40,45,80,75,1,False,29.5,1.0
BeedrillMega Beedrill,Bug,Poison,495,65,150,40,15,80,145,1,False,,NaN
Pidgey,Normal,Flying,251,40,45,40,35,35,56,1,False,1.8,0.3
Pidgeotto,Normal,Flying,349,63,60,55,50,50,71,1,False,30.0,1.1
Pidgeot,Normal,Flying,479,83,80,75,70,70,101,1,False,39.5,1.5
PidgeotMega Pidgeot,Normal,Flying,579,83,80,80,135,80,121,1,False,,NaN
Rattata,Normal,,253,30,56,35,25,35,72,1,False,3.5,0.3
Raticate,Normal,,413,55,81,60,50,70,97,1,False,18.5,0.7
Spearow,Normal,Flying,262,40,60,30,31,31,70,1,False,2.0,0.3
Fearow,Normal,Flying,442,65,90,65,61,61,100,1,False,38.0,1.2
Ekans,Poison,,288,35,60,44,40,54,55,1,False,6.9,2.0
Arbok,Poison,,438,60,85,69,65,79,80,1,False,65.0,3.5
Pikachu,Electric,,320,35,55,40,50,50,90,1,False,6.0,0.4
Raichu,Electric,,485,60,90,55,90,80,110,1,False,30.0,0.8
Sandshrew,Ground,,300,50,75,85,20,30,40,1,False,12.0,0.6
Sandslash,Ground,,450,75,100,110,45,55,65,1,False,29.5,1.0
Nidoran♀,Poison,,275,55,47,52,40,40,41,1,False,7.0,0.4
Nidorina,Poison,,365,70,62,67,55,55,56,1,False,20.0,0.8
Nidoqueen,Poison,Ground,505,90,92,87,75,85,76,1,False,60.0,1.3
Nidoran♂,Poison,,273,46,57,40,40,40,50,1,False,9.0,0.5
Nidorino,Poison,,365,61,72,57,55,55,65,1,False,19.5,0.9
Nidoking,Poison,Ground,505,81,102,77,85,75,85,1,False,62.0,1.4
Clefairy,Fairy,,323,70,45,48,60,65,35,1,False,7.5,0.6
Clefable,Fairy,,483,95,70,73,95,90,60,1,False,40.0,1.3
Vulpix,Fire,,299,38,41,40,50,65,65,1,False,9.9,0.6
Ninetales,Fire,,505,73,76,75,81,100,100,1,False,19.9,1.1
Jigglypuff,Normal,Fairy,270,115,45,20,45,25,20,1,False,5.5,0.5
Wigglytuff,Normal,Fairy,435,140,70,45,85,50,45,1,False,12.0,1.0
Zubat,Poison,Flying,245,40,45,35,30,40,55,1,False,7.5,0.8
Golbat,Poison,Flying,455,75,80,70,65,75,90,1,False,55.0,1.6
Oddish,Grass,Poison,320,45,50,55,75,65,30,1,False,5.4,0.5
Gloom,Grass,Poison,395,60,65,70,85,75,40,1,False,8.6,0.8
Vileplume,Grass,Poison,490,75,80,85,110,90,50,1,False,18.6,1.2
Paras,Bug,Grass,285,35,70,55,45,55,25,1,False,5.4,0.3
Parasect,Bug,Grass,405,60,95,80,60,80,30,1,False,29.5,1.0
Venonat,Bug,Poison,305,60,55,50,40,55,45,1,False,30.0,1.0
Venomoth,Bug,Poison,450,70,65,60,90,75,90,1,False,12.5,1.5
Diglett,Ground,,265,10,55,25,35,45,95,1,False,0.8,0.2
Dugtrio,Ground,,405,35,80,50,50,70,120,1,False,33.3,0.7
Meowth,Normal,,290,40,45,35,40,40,90,1,False,4.2,0.4
Persian,Normal,,440,65,70,60,65,65,115,1,False,32.0,1.0
Psyduck,Water,,320,50,52,48,65,50,55,1,False,19.6,0.8
Golduck,Water,,500,80,82,78,95,80,85,1,False,76.6,1.7
Mankey,Fighting,,305,40,80,35,35,45,70,1,False,28.0,0.5
Primeape,Fighting,,455,65,105,60,60,70,95,1,False,32.0,1.0
Growlithe,Fire,,350,55,70,45,70,50,60,1,False,19.0,0.7
Arcanine,Fire,,555,90,110,80,100,80,95,1,False,155.0,1.9
Poliwag,Water,,300,40,50,40,40,40,90,1,False,12.4,0.6
Poliwhirl,Water,,385,65,65,65,50,50,90,1,False,20.0,1.0
Poliwrath,Water,Fighting,510,90,95,95,70,90,70,1,False,54.0,1.3
Abra,Psychic,,310,25,20,15,105,55,90,1,False,19.5,0.9
Kadabra,Psychic,,400,40,35,30,120,70,105,1,False,56.5,1.3
Alakazam,Psychic,,500,55,50,45,135,95,120,1,False,48.0,1.5
AlakazamMega Alakazam,Psychic,,590,55,50,65,175,95,150,1,False,,NaN
Machop,Fighting,,305,70,80,50,35,35,35,1,False,19.5,0.8
Machoke,Fighting,,405,80,100,70,50,60,45,1,False,70.5,1.5
Machamp,Fighting,,505,90,130,80,65,85,55,1,False,130.0,1.6
Bellsprout,Grass,Poison,300,50,75,35,70,30,40,1,False,4.0,0.7
Weepinbell,Grass,Poison,390,65,90,50,85,45,55,1,False,6.4,1.0
Victreebel,Grass,Poison,490,80,105,65,100,70,70,1,False,15.5,1.7
Tentacool,Water,Poison,335,40,40,35,50,100,70,1,False,45.5,0.9
Tentacruel,Water,Poison,515,80,70,65,80,120,100,1,False,55.0,1.6
Geodude,Rock,Ground,300,40,80,100,30,30,20,1,False,20.0,0.4
Graveler,Rock,Ground,390,55,95,115,45,45,35,1,False,105.0,1.0
Golem,Rock,Ground,495,80,120,130,55,65,45,1,False,300.0,1.4
Ponyta,Fire,,410,50,85,55,65,65,90,1,False,30.0,1.0
Rapidash,Fire,,500,65,100,70,80,80,105,1,False,95.0,1.7
Slowpoke,Water,Psychic,315,90,65,65,40,40,15,1,False,36.0,1.2
Slowbro,Water,Psychic,490,95,75,110,100,80,30,1,False,78.5,1.6
SlowbroMega Slowbro,Water,Psychic,590,95,75,180,130,80,30,1,False,,NaN
Magnemite,Electric,Steel,325,25,35,70,95,55,45,1,False,6.0,0.3
Magneton,Electric,Steel,465,50,60,95,120,70,70,1,False,60.0,1.0
Farfetch'd,Normal,Flying,352,52,65,55,58,62,60,1,False,15.0,0.8
Doduo,Normal,Flying,310,35,85,45,35,35,75,1,False,39.2,1.4
Dodrio,Normal,Flying,460,60,110,70,60,60,100,1,False,85.2,1.8
Seel,Water,,325,65,45,55,45,70,45,1,False,90.0,1.1
Dewgong,Water,Ice,475,90,70,80,70,95,70,1,False,120.0,1.7
Grimer,Poison,,325,80,80,50,40,50,25,1,False,30.0,0.9
Muk,Poison,,500,105,105,75,65,100,50,1,False,30.0,1.2
Shellder,Water,,305,30,65,100,45,25,40,1,False,4.0,0.3
Cloyster,Water,Ice,525,50,95,180,85,45,70,1,False,132.5,1.5
Gastly,Ghost,Poison,310,30,35,30,100,35,80,1,False,0.1,1.3
Haunter,Ghost,Poison,405,45,50,45,115,55,95,1,False,0.1,1.6
Gengar,Ghost,Poison,500,60,65,60,130,75,110,1,False,40.5,1.5
GengarMega Gengar,Ghost,Poison,600,60,65,80,170,95,130,1,False,,NaN
Onix,Rock,Ground,385,35,45,160,30,45,70,1,False,210.0,8.8
Drowzee,Psychic,,328,60,48,45,43,90,42,1,False,32.4,1.0
Hypno,Psychic,,483,85,73,70,73,115,67,1,False,75.6,1.6
Krabby,Water,,325,30,105,90,25,25,50,1,False,6.5,0.4
Kingler,Water,,475,55,130,115,50,50,75,1,False,60.0,1.3
Voltorb,Electric,,330,40,30,50,55,55,100,1,False,10.4,0.5
Electrode,Electric,,480,60,50,70,80,80,140,1,False,66.6,1.2
Exeggcute,Grass,Psychic,325,60,40,80,60,45,40,1,False,2.5,0.4
Exeggutor,Grass,Psychic,520,95,95,85,125,65,55,1,False,120.0,2.0
Cubone,Ground,,320,50,50,95,40,50,35,1,False,6.5,0.4
Marowak,Ground,,425,60,80,110,50,80,45,1,False,45.0,1.0
Hitmonlee,Fighting,,455,50,120,53,35,110,87,1,False,49.8,1.5
Hitmonchan,Fighting,,455,50,105,79,35,110,76,1,False,50.2,1.4
Lickitung,Normal,,385,90,55,75,60,75,30,1,False,65.5,1.2
Koffing,Poison,,340,40,65,95,60,45,35,1,False,1.0,0.6
Weezing,Poison,,490,65,90,120,85,70,60,1,False,9.5,1.2
Rhyhorn,Ground,Rock,345,80,85,95,30,30,25,1,False,115.0,1.0
Rhydon,Ground,Rock,485,105,130,120,45,45,40,1,False,120.0,1.9
Chansey,Normal,,450,250,5,5,35,105,50,1,False,34.6,1.1
Tangela,Grass,,435,65,55,115,100,40,60,1,False,35.0,1.0
Kangaskhan,Normal,,490,105,95,80,40,80,90,1,False,80.0,2.2
KangaskhanMega Kangaskhan,Normal,,590,105,125,100,60,100,100,1,False,,NaN
Horsea,Water,,295,30,40,70,70,25,60,1,False,8.0,0.4
Seadra,Water,,440,55,65,95,95,45,85,1,False,25.0,1.2
Goldeen,Water,,320,45,67,60,35,50,63,1,False,15.0,0.6
Seaking,Water,,450,80,92,65,65,80,68,1,False,39.0,1.3
Staryu,Water,,340,30,45,55,70,55,85,1,False,34.5,0.8
Starmie,Water,Psychic,520,60,75,85,100,85,115,1,False,80.0,1.1
Mr. Mime,Psychic,Fairy,460,40,45,65,100,120,90,1,False,54.5,1.3
Scyther,Bug,Flying,500,70,110,80,55,80,105,1,False,56.0,1.5
Jynx,Ice,Psychic,455,65,50,35,115,95,95,1,False,40.6,1.4
Electabuzz,Electric,,490,65,83,57,95,85,105,1,False,30.0,1.1
Magmar,Fire,,495,65,95,57,100,85,93,1,False,44.5,1.3
Pinsir,Bug,,500,65,125,100,55,70,85,1,False,55.0,1.5
PinsirMega Pinsir,Bug,Flying,600,65,155,120,65,90,105,1,False,,NaN
Tauros,Normal,,490,75,100,95,40,70,110,1,False,88.4,1.4
Magikarp,Water,,200,20,10,55,15,20,80,1,False,10.0,0.9
Gyarados,Water,Flying,540,95,125,79,60,100,81,1,False,235.0,6.5
GyaradosMega Gyarados,Water,Dark,640,95,155,109,70,130,81,1,False,,NaN
Lapras,Water,Ice,535,130,85,80,85,95,60,1,False,220.0,2.5
Ditto,Normal,,288,48,48,48,48,48,48,1,False,4.0,0.3
Eevee,Normal,,325,55,55,50,45,65,55,1,False,6.5,0.3
Vaporeon,Water,,525,130,65,60,110,95,65,1,False,29.0,1.0
Jolteon,Electric,,525,65,65,60,110,95,130,1,False,24.5,0.8
Flareon,Fire,,525,65,130,60,95,110,65,1,False,25.0,0.9
Porygon,Normal,,395,65,60,70,85,75,40,1,False,36.5,0.8
Omanyte,Rock,Water,355,35,40,100,90,55,35,1,False,7.5,0.4
Omastar,Rock,Water,495,70,60,125,115,70,55,1,False,35.0,1.0
Kabuto,Rock,Water,355,30,80,90,55,45,55,1,False,11.5,0.5
Kabutops,Rock,Water,495,60,115,105,65,70,80,1,False,40.5,1.3
Aerodactyl,Rock,Flying,515,80,105,65,60,75,130,1,False,59.0,1.8
AerodactylMega Aerodactyl,Rock,Flying,615,80,135,85,70,95,150,1,False,,NaN
Snorlax,Normal,,540,160,110,65,65,110,30,1,False,460.0,2.1
Articuno,Ice,Flying,580,90,85,100,95,125,85,1,True,55.4,1.7
Zapdos,Electric,Flying,580,90,90,85,125,90,100,1,True,52.6,1.6
Moltres,Fire,Flying,580,90,100,90,125,85,90,1,True,60.0,2.0
Dratini,Dragon,,300,41,64,45,50,50,50,1,False,3.3,1.8
Dragonair,Dragon,,420,61,84,65,70,70,70,1,False,16.5,4.0
Dragonite,Dragon,Flying,600,91,134,95,100,100,80,1,False,210.0,2.2
Mewtwo,Psychic,,680,106,110,90,154,90,130,1,True,122.0,2.0
MewtwoMega Mewtwo X,Psychic,Fighting,780,106,190,100,154,100,130,1,True,,NaN
MewtwoMega Mewtwo Y,Psychic,,780,106,150,70,194,120,140,1,True,,NaN
Mew,Psychic,,600,100,100,100,100,100,100,1,False,4.0,0.4
Chikorita,Grass,,318,45,49,65,49,65,45,2,False,6.4,0.9
Bayleef,Grass,,405,60,62,80,63,80,60,2,False,15.8,1.2
Meganium,Grass,,525,80,82,100,83,100,80,2,False,100.5,1.8
Cyndaquil,Fire,,309,39,52,43,60,50,65,2,False,7.9,0.5
Quilava,Fire,,405,58,64,58,80,65,80,2,False,19.0,0.9
Typhlosion,Fire,,534,78,84,78,109,85,100,2,False,79.5,1.7
Totodile,Water,,314,50,65,64,44,48,43,2,False,9.5,0.6
Croconaw,Water,,405,65,80,80,59,63,58,2,False,25.0,1.1
Feraligatr,Water,,530,85,105,100,79,83,78,2,False,88.8,2.3
Sentret,Normal,,215,35,46,34,35,45,20,2,False,6.0,0.8
Furret,Normal,,415,85,76,64,45,55,90,2,False,32.5,1.8
Hoothoot,Normal,Flying,262,60,30,30,36,56,50,2,False,21.2,0.7
Noctowl,Normal,Flying,442,100,50,50,76,96,70,2,False,40.8,1.6
Ledyba,Bug,Flying,265,40,20,30,40,80,55,2,False,10.8,1.0
Ledian,Bug,Flying,390,55,35,50,55,110,85,2,False,35.6,1.4
Spinarak,Bug,Poison,250,40,60,40,40,40,30,2,False,8.5,0.5
Ariados,Bug,Poison,390,70,90,70,60,60,40,2,False,33.5,1.1
Crobat,Poison,Flying,535,85,90,80,70,80,130,2,False,75.0,1.8
Chinchou,Water,Electric,330,75,38,38,56,56,67,2,False,12.0,0.5
Lanturn,Water,Electric,460,125,58,58,76,76,67,2,False,22.5,1.2
Pichu,Electric,,205,20,40,15,35,35,60,2,False,2.0,0.3
Cleffa,Fairy,,218,50,25,28,45,55,15,2,False,3.0,0.3
Igglybuff,Normal,Fairy,210,90,30,15,40,20,15,2,False,1.0,0.3
Togepi,Fairy,,245,35,20,65,40,65,20,2,False,1.5,0.3
Togetic,Fairy,Flying,405,55,40,85,80,105,40,2,False,3.2,0.6
Natu,Psychic,Flying,320,40,50,45,70,45,70,2,False,2.0,0.2
Xatu,Psychic,Flying,470,65,75,70,95,70,95,2,False,15.0,1.5
Mareep,Electric,,280,55,40,40,65,45,35,2,False,7.8,0.6
Flaaffy,Electric,,365,70,55,55,80,60,45,2,False,13.3,0.8
Ampharos,Electric,,510,90,75,85,115,90,55,2,False,61.5,1.4
AmpharosMega Ampharos,Electric,Dragon,610,90,95,105,165,110,45,2,False,,NaN
Bellossom,Grass,,490,75,80,95,90,100,50,2,False,5.8,0.4
Marill,Water,Fairy,250,70,20,50,20,50,40,2,False,8.5,0.4
Azumarill,Water,Fairy,420,100,50,80,60,80,50,2,False,28.5,0.8
Sudowoodo,Rock,,410,70,100,115,30,65,30,2,False,38.0,1.2
Politoed,Water,,500,90,75,75,90,100,70,2,False,33.9,1.1
Hoppip,Grass,Flying,250,35,35,40,35,55,50,2,False,0.5,0.4
Skiploom,Grass,Flying,340,55,45,50,45,65,80,2,False,1.0,0.6
Jumpluff,Grass,Flying,460,75,55,70,55,95,110,2,False,3.0,0.8
Aipom,Normal,,360,55,70,55,40,55,85,2,False,11.5,0.8
Sunkern,Grass,,180,30,30,30,30,30,30,2,False,1.8,0.3
Sunflora,Grass,,425,75,75,55,105,85,30,2,False,8.5,0.8
Yanma,Bug,Flying,390,65,65,45,75,45,95,2,False,38.0,1.2
Wooper,Water,Ground,210,55,45,45,25,25,15,2,False,8.5,0.4
Quagsire,Water,Ground,430,95,85,85,65,65,35,2,False,75.0,1.4
Espeon,Psychic,,525,65,65,60,130,95,110,2,False,26.5,0.9
Umbreon,Dark,,525,95,65,110,60,130,65,2,False,27.0,1.0
Murkrow,Dark,Flying,405,60,85,42,85,42,91,2,False,2.1,0.5
Slowking,Water,Psychic,490,95,75,80,100,110,30,2,False,79.5,2.0
Misdreavus,Ghost,,435,60,60,60,85,85,85,2,False,1.0,0.7
Unown,Psychic,,336,48,72,48,72,48,48,2,False,5.0,0.5
Wobbuffet,Psychic,,405,190,33,58,33,58,33,2,False,28.5,1.3
Girafarig,Normal,Psychic,455,70,80,65,90,65,85,2,False,41.5,1.5
Pineco,Bug,,290,50,65,90,35,35,15,2,False,7.2,0.6
Forretress,Bug,Steel,465,75,90,140,60,60,40,2,False,125.8,1.2
Dunsparce,Normal,,415,100,70,70,65,65,45,2,False,14.0,1.5
Gligar,Ground,Flying,430,65,75,105,35,65,85,2,False,64.8,1.1
Steelix,Steel,Ground,510,75,85,200,55,65,30,2,False,400.0,9.2
SteelixMega Steelix,Steel,Ground,610,75,125,230,55,95,30,2,False,,NaN
Snubbull,Fairy,,300,60,80,50,40,40,30,2,False,7.8,0.6
Granbull,Fairy,,450,90,120,75,60,60,45,2,False,48.7,1.4
Qwilfish,Water,Poison,430,65,95,75,55,55,85,2,False,3.9,0.5
Scizor,Bug,Steel,500,70,130,100,55,80,65,2,False,118.0,1.8
ScizorMega Scizor,Bug,Steel,600,70,150,140,65,100,75,2,False,,NaN
Shuckle,Bug,Rock,505,20,10,230,10,230,5,2,False,20.5,0.6
Heracross,Bug,Fighting,500,80,125,75,40,95,85,2,False,54.0,1.5
HeracrossMega Heracross,Bug,Fighting,600,80,185,115,40,105,75,2,False,,NaN
Sneasel,Dark,Ice,430,55,95,55,35,75,115,2,False,28.0,0.9
Teddiursa,Normal,,330,60,80,50,50,50,40,2,False,8.8,0.6
Ursaring,Normal,,500,90,130,75,75,75,55,2,False,125.8,1.8
Slugma,Fire,,250,40,40,40,70,40,20,2,False,35.0,0.7
Magcargo,Fire,Rock,410,50,50,120,80,80,30,2,False,55.0,0.8
Swinub,Ice,Ground,250,50,50,40,30,30,50,2,False,6.5,0.4
Piloswine,Ice,Ground,450,100,100,80,60,60,50,2,False,55.8,1.1
Corsola,Water,Rock,380,55,55,85,65,85,35,2,False,5.0,0.6
Remoraid,Water,,300,35,65,35,65,35,65,2,False,12.0,0.6
Octillery,Water,,480,75,105,75,105,75,45,2,False,28.5,0.9
Delibird,Ice,Flying,330,45,55,45,65,45,75,2,False,16.0,0.9
Mantine,Water,Flying,465,65,40,70,80,140,70,2,False,220.0,2.1
Skarmory,Steel,Flying,465,65,80,140,40,70,70,2,False,50.5,1.7
Houndour,Dark,Fire,330,45,60,30,80,50,65,2,False,10.8,0.6
Houndoom,Dark,Fire,500,75,90,50,110,80,95,2,False,35.0,1.4
HoundoomMega Houndoom,Dark,Fire,600,75,90,90,140,90,115,2,False,,NaN
Kingdra,Water,Dragon,540,75,95,95,95,95,85,2,False,152.0,1.8
Phanpy,Ground,,330,90,60,60,40,40,40,2,False,33.5,0.5
Donphan,Ground,,500,90,120,120,60,60,50,2,False,120.0,1.1
Porygon2,Normal,,515,85,80,90,105,95,60,2,False,32.5,0.6
Stantler,Normal,,465,73,95,62,85,65,85,2,False,71.2,1.4
Smeargle,Normal,,250,55,20,35,20,45,75,2,False,58.0,1.2
Tyrogue,Fighting,,210,35,35,35,35,35,35,2,False,21.0,0.7
Hitmontop,Fighting,,455,50,95,95,35,110,70,2,False,48.0,1.4
Smoochum,Ice,Psychic,305,45,30,15,85,65,65,2,False,6.0,0.4
Elekid,Electric,,360,45,63,37,65,55,95,2,False,23.5,0.6
Magby,Fire,,365,45,75,37,70,55,83,2,False,21.4,0.7
Miltank,Normal,,490,95,80,105,40,70,100,2,False,75.5,1.2
Blissey,Normal,,540,255,10,10,75,135,55,2,False,46.8,1.5
Raikou,Electric,,580,90,85,75,115,100,115,2,True,178.0,1.9
Entei,Fire,,580,115,115,85,90,75,100,2,True,198.0,2.1
Suicune,Water,,580,100,75,115,90,115,85,2,True,187.0,2.0
Larvitar,Rock,Ground,300,50,64,50,45,50,41,2,False,72.0,0.6
Pupitar,Rock,Ground,410,70,84,70,65,70,51,2,False,152.0,1.2
Tyranitar,Rock,Dark,600,100,134,110,95,100,61,2,False,202.0,2.0
TyranitarMega Tyranitar,Rock,Dark,700,100,164,150,95,120,71,2,False,,NaN
Lugia,Psychic,Flying,680,106,90,130,90,154,110,2,True,216.0,5.2
Ho-oh,Fire,Flying,680,106,130,90,110,154,90,2,True,199.0,3.8
Celebi,Psychic,Grass,600,100,100,100,100,100,100,2,False,5.0,0.6
Treecko,Grass,,310,40,45,35,65,55,70,3,False,5.0,0.5
Grovyle,Grass,,405,50,65,45,85,65,95,3,False,21.6,0.9
Sceptile,Grass,,530,70,85,65,105,85,120,3,False,52.2,1.7
SceptileMega Sceptile,Grass,Dragon,630,70,110,75,145,85,145,3,False,,NaN
Torchic,Fire,,310,45,60,40,70,50,45,3,False,2.5,0.4
Combusken,Fire,Fighting,405,60,85,60,85,60,55,3,False,19.5,0.9
Blaziken,Fire,Fighting,530,80,120,70,110,70,80,3,False,52.0,1.9
BlazikenMega Blaziken,Fire,Fighting,630,80,160,80,130,80,100,3,False,,NaN
Mudkip,Water,,310,50,70,50,50,50,40,3,False,7.6,0.4
Marshtomp,Water,Ground,405,70,85,70,60,70,50,3,False,28.0,0.7
Swampert,Water,Ground,535,100,110,90,85,90,60,3,False,81.9,1.5
SwampertMega Swampert,Water,Ground,635,100,150,110,95,110,70,3,False,,NaN
Poochyena,Dark,,220,35,55,35,30,30,35,3,False,13.6,0.5
Mightyena,Dark,,420,70,90,70,60,60,70,3,False,37.0,1.0
Zigzagoon,Normal,,240,38,30,41,30,41,60,3,False,17.5,0.4
Linoone,Normal,,420,78,70,61,50,61,100,3,False,32.5,0.5
Wurmple,Bug,,195,45,45,35,20,30,20,3,False,3.6,0.3
Silcoon,Bug,,205,50,35,55,25,25,15,3,False,10.0,0.6
Beautifly,Bug,Flying,395,60,70,50,100,50,65,3,False,28.4,1.0
Cascoon,Bug,,205,50,35,55,25,25,15,3,False,11.5,0.7
Dustox,Bug,Poison,385,60,50,70,50,90,65,3,False,31.6,1.2
Lotad,Water,Grass,220,40,30,30,40,50,30,3,False,2.6,0.5
Lombre,Water,Grass,340,60,50,50,60,70,50,3,False,32.5,1.2
Ludicolo,Water,Grass,480,80,70,70,90,100,70,3,False,55.0,1.5
Seedot,Grass,,220,40,40,50,30,30,30,3,False,4.0,0.5
Nuzleaf,Grass,Dark,340,70,70,40,60,40,60,3,False,28.0,1.0
Shiftry,Grass,Dark,480,90,100,60,90,60,80,3,False,59.6,1.3
Taillow,Normal,Flying,270,40,55,30,30,30,85,3,False,2.3,0.3
Swellow,Normal,Flying,430,60,85,60,50,50,125,3,False,19.8,0.7
Wingull,Water,Flying,270,40,30,30,55,30,85,3,False,9.5,0.6
Pelipper,Water,Flying,430,60,50,100,85,70,65,3,False,28.0,1.2
Ralts,Psychic,Fairy,198,28,25,25,45,35,40,3,False,6.6,0.4
Kirlia,Psychic,Fairy,278,38,35,35,65,55,50,3,False,20.2,0.8
Gardevoir,Psychic,Fairy,518,68,65,65,125,115,80,3,False,48.4,1.6
GardevoirMega Gardevoir,Psychic,Fairy,618,68,85,65,165,135,100,3,False,,NaN
Surskit,Bug,Water,269,40,30,32,50,52,65,3,False,1.7,0.5
Masquerain,Bug,Flying,414,70,60,62,80,82,60,3,False,3.6,0.8
Shroomish,Grass,,295,60,40,60,40,60,35,3,False,4.5,0.4
Breloom,Grass,Fighting,460,60,130,80,60,60,70,3,False,39.2,1.2
Slakoth,Normal,,280,60,60,60,35,35,30,3,False,24.0,0.8
Vigoroth,Normal,,440,80,80,80,55,55,90,3,False,46.5,1.4
Slaking,Normal,,670,150,160,100,95,65,100,3,False,130.5,2.0
Nincada,Bug,Ground,266,31,45,90,30,30,40,3,False,5.5,0.5
Ninjask,Bug,Flying,456,61,90,45,50,50,160,3,False,12.0,0.8
Shedinja,Bug,Ghost,236,1,90,45,30,30,40,3,False,1.2,0.8
Whismur,Normal,,240,64,51,23,51,23,28,3,False,16.3,0.6
Loudred,Normal,,360,84,71,43,71,43,48,3,False,40.5,1.0
Exploud,Normal,,490,104,91,63,91,73,68,3,False,84.0,1.5
Makuhita,Fighting,,237,72,60,30,20,30,25,3,False,86.4,1.0
Hariyama,Fighting,,474,144,120,60,40,60,50,3,False,253.8,2.3
Azurill,Normal,Fairy,190,50,20,40,20,40,20,3,False,2.0,0.2
Nosepass,Rock,,375,30,45,135,45,90,30,3,False,97.0,1.0
Skitty,Normal,,260,50,45,45,35,35,50,3,False,11.0,0.6
Delcatty,Normal,,380,70,65,65,55,55,70,3,False,32.6,1.1
Sableye,Dark,Ghost,380,50,75,75,65,65,50,3,False,11.0,0.5
SableyeMega Sableye,Dark,Ghost,480,50,85,125,85,115,20,3,False,,NaN
Mawile,Steel,Fairy,380,50,85,85,55,55,50,3,False,11.5,0.6
MawileMega Mawile,Steel,Fairy,480,50,105,125,55,95,50,3,False,,NaN
Aron,Steel,Rock,330,50,70,100,40,40,30,3,False,60.0,0.4
Lairon,Steel,Rock,430,60,90,140,50,50,40,3,False,120.0,0.9
Aggron,Steel,Rock,530,70,110,180,60,60,50,3,False,360.0,2.1
AggronMega Aggron,Steel,,630,70,140,230,60,80,50,3,False,,NaN
Meditite,Fighting,Psychic,280,30,40,55,40,55,60,3,False,11.2,0.6
Medicham,Fighting,Psychic,410,60,60,75,60,75,80,3,False,31.5,1.3
MedichamMega Medicham,Fighting,Psychic,510,60,100,85,80,85,100,3,False,,NaN
Electrike,Electric,,295,40,45,40,65,40,65,3,False,15.2,0.6
Manectric,Electric,,475,70,75,60,105,60,105,3,False,40.2,1.5
ManectricMega Manectric,Electric,,575,70,75,80,135,80,135,3,False,,NaN
Plusle,Electric,,405,60,50,40,85,75,95,3,False,4.2,0.4
Minun,Electric,,405,60,40,50,75,85,95,3,False,4.2,0.4
Volbeat,Bug,,400,65,73,55,47,75,85,3,False,17.7,0.7
Illumise,Bug,,400,65,47,55,73,75,85,3,False,17.7,0.6
Roselia,Grass,Poison,400,50,60,45,100,80,65,3,False,2.0,0.3
Gulpin,Poison,,302,70,43,53,43,53,40,3,False,10.3,0.4
Swalot,Poison,,467,100,73,83,73,83,55,3,False,80.0,1.7
Carvanha,Water,Dark,305,45,90,20,65,20,65,3,False,20.8,0.8
Sharpedo,Water,Dark,460,70,120,40,95,40,95,3,False,88.8,1.8
SharpedoMega Sharpedo,Water,Dark,560,70,140,70,110,65,105,3,False,,NaN
Wailmer,Water,,400,130,70,35,70,35,60,3,False,130.0,2.0
Wailord,Water,,500,170,90,45,90,45,60,3,False,398.0,14.5
Numel,Fire,Ground,305,60,60,40,65,45,35,3,False,24.0,0.7
Camerupt,Fire,Ground,460,70,100,70,105,75,40,3,False,220.0,1.9
CameruptMega Camerupt,Fire,Ground,560,70,120,100,145,105,20,3,False,,NaN
Torkoal,Fire,,470,70,85,140,85,70,20,3,False,80.4,0.5
Spoink,Psychic,,330,60,25,35,70,80,60,3,False,30.6,0.7
Grumpig,Psychic,,470,80,45,65,90,110,80,3,False,71.5,0.9
Spinda,Normal,,360,60,60,60,60,60,60,3,False,5.0,1.1
Trapinch,Ground,,290,45,100,45,45,45,10,3,False,15.0,0.7
Vibrava,Ground,Dragon,340,50,70,50,50,50,70,3,False,15.3,1.1
Flygon,Ground,Dragon,520,80,100,80,80,80,100,3,False,82.0,2.0
Cacnea,Grass,,335,50,85,40,85,40,35,3,False,51.3,0.4
Cacturne,Grass,Dark,475,70,115,60,115,60,55,3,False,77.4,1.3
Swablu,Normal,Flying,310,45,40,60,40,75,50,3,False,1.2,0.4
Altaria,Dragon,Flying,490,75,70,90,70,105,80,3,False,20.6,1.1
AltariaMega Altaria,Dragon,Fairy,590,75,110,110,110,105,80,3,False,,NaN
Zangoose,Normal,,458,73,115,60,60,60,90,3,False,40.3,1.3
Seviper,Poison,,458,73,100,60,100,60,65,3,False,52.5,2.7
Lunatone,Rock,Psychic,440,70,55,65,95,85,70,3,False,168.0,1.0
Solrock,Rock,Psychic,440,70,95,85,55,65,70,3,False,154.0,1.2
Barboach,Water,Ground,288,50,48,43,46,41,60,3,False,1.9,0.4
Whiscash,Water,Ground,468,110,78,73,76,71,60,3,False,23.6,0.9
Corphish,Water,,308,43,80,65,50,35,35,3,False,11.5,0.6
Crawdaunt,Water,Dark,468,63,120,85,90,55,55,3,False,32.8,1.1
Baltoy,Ground,Psychic,300,40,40,55,40,70,55,3,False,21.5,0.5
Claydol,Ground,Psychic,500,60,70,105,70,120,75,3,False,108.0,1.5
Lileep,Rock,Grass,355,66,41,77,61,87,23,3,False,23.8,1.0
Cradily,Rock,Grass,495,86,81,97,81,107,43,3,False,60.4,1.5
Anorith,Rock,Bug,355,45,95,50,40,50,75,3,False,12.5,0.7
Armaldo,Rock,Bug,495,75,125,100,70,80,45,3,False,68.2,1.5
Feebas,Water,,200,20,15,20,10,55,80,3,False,7.4,0.6
Milotic,Water,,540,95,60,79,100,125,81,3,False,162.0,6.2
Castform,Normal,,420,70,70,70,70,70,70,3,False,0.8,0.3
Kecleon,Normal,,440,60,90,70,60,120,40,3,False,22.0,1.0
Shuppet,Ghost,,295,44,75,35,63,33,45,3,False,2.3,0.6
Banette,Ghost,,455,64,115,65,83,63,65,3,False,12.5,1.1
BanetteMega Banette,Ghost,,555,64,165,75,93,83,75,3,False,,NaN
Duskull,Ghost,,295,20,40,90,30,90,25,3,False,15.0,0.8
Dusclops,Ghost,,455,40,70,130,60,130,25,3,False,30.6,1.6
Tropius,Grass,Flying,460,99,68,83,72,87,51,3,False,100.0,2.0
Chimecho,Psychic,,425,65,50,70,95,80,65,3,False,1.0,0.6
Absol,Dark,,465,65,130,60,75,60,75,3,False,47.0,1.2
AbsolMega Absol,Dark,,565,65,150,60,115,60,115,3,False,,NaN
Wynaut,Psychic,,260,95,23,48,23,48,23,3,False,14.0,0.6
Snorunt,Ice,,300,50,50,50,50,50,50,3,False,16.8,0.7
Glalie,Ice,,480,80,80,80,80,80,80,3,False,256.5,1.5
GlalieMega Glalie,Ice,,580,80,120,80,120,80,100,3,False,,NaN
Spheal,Ice,Water,290,70,40,50,55,50,25,3,False,39.5,0.8
Sealeo,Ice,Water,410,90,60,70,75,70,45,3,False,87.6,1.1
Walrein,Ice,Water,530,110,80,90,95,90,65,3,False,150.6,1.4
Clamperl,Water,,345,35,64,85,74,55,32,3,False,52.5,0.4
Huntail,Water,,485,55,104,105,94,75,52,3,False,27.0,1.7
Gorebyss,Water,,485,55,84,105,114,75,52,3,False,22.6,1.8
Relicanth,Water,Rock,485,100,90,130,45,65,55,3,False,23.4,1.0
Luvdisc,Water,,330,43,30,55,40,65,97,3,False,8.7,0.6
Bagon,Dragon,,300,45,75,60,40,30,50,3,False,42.1,0.6
Shelgon,Dragon,,420,65,95,100,60,50,50,3,False,110.5,1.1
Salamence,Dragon,Flying,600,95,135,80,110,80,100,3,False,102.6,1.5
SalamenceMega Salamence,Dragon,Flying,700,95,145,130,120,90,120,3,False,,NaN
Beldum,Steel,Psychic,300,40,55,80,35,60,30,3,False,95.2,0.6
Metang,Steel,Psychic,420,60,75,100,55,80,50,3,False,202.5,1.2
Metagross,Steel,Psychic,600,80,135,130,95,90,70,3,False,550.0,1.6
MetagrossMega Metagross,Steel,Psychic,700,80,145,150,105,110,110,3,False,,NaN
Regirock,Rock,,580,80,100,200,50,100,50,3,True,230.0,1.7
Regice,Ice,,580,80,50,100,100,200,50,3,True,175.0,1.8
Registeel,Steel,,580,80,75,150,75,150,50,3,True,205.0,1.9
Latias,Dragon,Psychic,600,80,80,90,110,130,110,3,True,40.0,1.4
LatiasMega Latias,Dragon,Psychic,700,80,100,120,140,150,110,3,True,,NaN
Latios,Dragon,Psychic,600,80,90,80,130,110,110,3,True,60.0,2.0
LatiosMega Latios,Dragon,Psychic,700,80,130,100,160,120,110,3,True,,NaN
Kyogre,Water,,670,100,100,90,150,140,90,3,True,352.0,4.5
KyogrePrimal Kyogre,Water,,770,100,150,90,180,160,90,3,True,,NaN
Groudon,Ground,,670,100,150,140,100,90,90,3,True,950.0,3.5
GroudonPrimal Groudon,Ground,Fire,770,100,180,160,150,90,90,3,True,,NaN
Rayquaza,Dragon,Flying,680,105,150,90,150,90,95,3,True,206.5,7.0
RayquazaMega Rayquaza,Dragon,Flying,780,105,180,100,180,100,115,3,True,,NaN
Jirachi,Steel,Psychic,600,100,100,100,100,100,100,3,True,1.1,0.3
DeoxysNormal Forme,Psychic,,600,50,150,50,150,50,150,3,True,,NaN
DeoxysAttack Forme,Psychic,,600,50,180,20,180,20,150,3,True,,NaN
DeoxysDefense Forme,Psychic,,600,50,70,160,70,160,90,3,True,,NaN
DeoxysSpeed Forme,Psychic,,600,50,95,90,95,90,180,3,True,,NaN
Turtwig,Grass,,318,55,68,64,45,55,31,4,False,10.2,0.4
Grotle,Grass,,405,75,89,85,55,65,36,4,False,97.0,1.1
Torterra,Grass,Ground,525,95,109,105,75,85,56,4,False,310.0,2.2
Chimchar,Fire,,309,44,58,44,58,44,61,4,False,6.2,0.5
Monferno,Fire,Fighting,405,64,78,52,78,52,81,4,False,22.0,0.9
Infernape,Fire,Fighting,534,76,104,71,104,71,108,4,False,55.0,1.2
Piplup,Water,,314,53,51,53,61,56,40,4,False,5.2,0.4
Prinplup,Water,,405,64,66,68,81,76,50,4,False,23.0,0.8
Empoleon,Water,Steel,530,84,86,88,111,101,60,4,False,84.5,1.7
Starly,Normal,Flying,245,40,55,30,30,30,60,4,False,2.0,0.3
Staravia,Normal,Flying,340,55,75,50,40,40,80,4,False,15.5,0.6
Staraptor,Normal,Flying,485,85,120,70,50,60,100,4,False,24.9,1.2
Bidoof,Normal,,250,59,45,40,35,40,31,4,False,20.0,0.5
Bibarel,Normal,Water,410,79,85,60,55,60,71,4,False,31.5,1.0
Kricketot,Bug,,194,37,25,41,25,41,25,4,False,2.2,0.3
Kricketune,Bug,,384,77,85,51,55,51,65,4,False,25.5,1.0
Shinx,Electric,,263,45,65,34,40,34,45,4,False,9.5,0.5
Luxio,Electric,,363,60,85,49,60,49,60,4,False,30.5,0.9
Luxray,Electric,,523,80,120,79,95,79,70,4,False,42.0,1.4
Budew,Grass,Poison,280,40,30,35,50,70,55,4,False,1.2,0.2
Roserade,Grass,Poison,515,60,70,65,125,105,90,4,False,14.5,0.9
Cranidos,Rock,,350,67,125,40,30,30,58,4,False,31.5,0.9
Rampardos,Rock,,495,97,165,60,65,50,58,4,False,102.5,1.6
Shieldon,Rock,Steel,350,30,42,118,42,88,30,4,False,57.0,0.5
Bastiodon,Rock,Steel,495,60,52,168,47,138,30,4,False,149.5,1.3
Burmy,Bug,,224,40,29,45,29,45,36,4,False,3.4,0.2
WormadamPlant Cloak,Bug,Grass,424,60,59,85,79,105,36,4,False,,NaN
WormadamSandy Cloak,Bug,Ground,424,60,79,105,59,85,36,4,False,,NaN
WormadamTrash Cloak,Bug,Steel,424,60,69,95,69,95,36,4,False,,NaN
Mothim,Bug,Flying,424,70,94,50,94,50,66,4,False,23.3,0.9
Combee,Bug,Flying,244,30,30,42,30,42,70,4,False,5.5,0.3
Vespiquen,Bug,Flying,474,70,80,102,80,102,40,4,False,38.5,1.2
Pachirisu,Electric,,405,60,45,70,45,90,95,4,False,3.9,0.4
Buizel,Water,,330,55,65,35,60,30,85,4,False,29.5,0.7
Floatzel,Water,,495,85,105,55,85,50,115,4,False,33.5,1.1
Cherubi,Grass,,275,45,35,45,62,53,35,4,False,3.3,0.4
Cherrim,Grass,,450,70,60,70,87,78,85,4,False,9.3,0.5
Shellos,Water,,325,76,48,48,57,62,34,4,False,6.3,0.3
Gastrodon,Water,Ground,475,111,83,68,92,82,39,4,False,29.9,0.9
Ambipom,Normal,,482,75,100,66,60,66,115,4,False,20.3,1.2
Drifloon,Ghost,Flying,348,90,50,34,60,44,70,4,False,1.2,0.4
Drifblim,Ghost,Flying,498,150,80,44,90,54,80,4,False,15.0,1.2
Buneary,Normal,,350,55,66,44,44,56,85,4,False,5.5,0.4
Lopunny,Normal,,480,65,76,84,54,96,105,4,False,33.3,1.2
LopunnyMega Lopunny,Normal,Fighting,580,65,136,94,54,96,135,4,False,,NaN
Mismagius,Ghost,,495,60,60,60,105,105,105,4,False,4.4,0.9
Honchkrow,Dark,Flying,505,100,125,52,105,52,71,4,False,27.3,0.9
Glameow,Normal,,310,49,55,42,42,37,85,4,False,3.9,0.5
Purugly,Normal,,452,71,82,64,64,59,112,4,False,43.8,1.0
Chingling,Psychic,,285,45,30,50,65,50,45,4,False,0.6,0.2
Stunky,Poison,Dark,329,63,63,47,41,41,74,4,False,19.2,0.4
Skuntank,Poison,Dark,479,103,93,67,71,61,84,4,False,38.0,1.0
Bronzor,Steel,Psychic,300,57,24,86,24,86,23,4,False,60.5,0.5
Bronzong,Steel,Psychic,500,67,89,116,79,116,33,4,False,187.0,1.3
Bonsly,Rock,,290,50,80,95,10,45,10,4,False,15.0,0.5
Mime Jr.,Psychic,Fairy,310,20,25,45,70,90,60,4,False,13.0,0.6
Happiny,Normal,,220,100,5,5,15,65,30,4,False,24.4,0.6
Chatot,Normal,Flying,411,76,65,45,92,42,91,4,False,1.9,0.5
Spiritomb,Ghost,Dark,485,50,92,108,92,108,35,4,False,108.0,1.0
Gible,Dragon,Ground,300,58,70,45,40,45,42,4,False,20.5,0.7
Gabite,Dragon,Ground,410,68,90,65,50,55,82,4,False,56.0,1.4
Garchomp,Dragon,Ground,600,108,130,95,80,85,102,4,False,95.0,1.9
GarchompMega Garchomp,Dragon,Ground,700,108,170,115,120,95,92,4,False,,NaN
Munchlax,Normal,,390,135,85,40,40,85,5,4,False,105.0,0.6
Riolu,Fighting,,285,40,70,40,35,40,60,4,False,20.2,0.7
Lucario,Fighting,Steel,525,70,110,70,115,70,90,4,False,54.0,1.2
LucarioMega Lucario,Fighting,Steel,625,70,145,88,140,70,112,4,False,,NaN
Hippopotas,Ground,,330,68,72,78,38,42,32,4,False,49.5,0.8
Hippowdon,Ground,,525,108,112,118,68,72,47,4,False,300.0,2.0
Skorupi,Poison,Bug,330,40,50,90,30,55,65,4,False,12.0,0.8
Drapion,Poison,Dark,500,70,90,110,60,75,95,4,False,61.5,1.3
Croagunk,Poison,Fighting,300,48,61,40,61,40,50,4,False,23.0,0.7
Toxicroak,Poison,Fighting,490,83,106,65,86,65,85,4,False,44.4,1.3
Carnivine,Grass,,454,74,100,72,90,72,46,4,False,27.0,1.4
Finneon,Water,,330,49,49,56,49,61,66,4,False,7.0,0.4
Lumineon,Water,,460,69,69,76,69,86,91,4,False,24.0,1.2
Mantyke,Water,Flying,345,45,20,50,60,120,50,4,False,65.0,1.0
Snover,Grass,Ice,334,60,62,50,62,60,40,4,False,50.5,1.0
Abomasnow,Grass,Ice,494,90,92,75,92,85,60,4,False,135.5,2.2
AbomasnowMega Abomasnow,Grass,Ice,594,90,132,105,132,105,30,4,False,,NaN
Weavile,Dark,Ice,510,70,120,65,45,85,125,4,False,34.0,1.1
Magnezone,Electric,Steel,535,70,70,115,130,90,60,4,False,180.0,1.2
Lickilicky,Normal,,515,110,85,95,80,95,50,4,False,140.0,1.7
Rhyperior,Ground,Rock,535,115,140,130,55,55,40,4,False,282.8,2.4
Tangrowth,Grass,,535,100,100,125,110,50,50,4,False,128.6,2.0
Electivire,Electric,,540,75,123,67,95,85,95,4,False,138.6,1.8
Magmortar,Fire,,540,75,95,67,125,95,83,4,False,68.0,1.6
Togekiss,Fairy,Flying,545,85,50,95,120,115,80,4,False,38.0,1.5
Yanmega,Bug,Flying,515,86,76,86,116,56,95,4,False,51.5,1.9
Leafeon,Grass,,525,65,110,130,60,65,95,4,False,25.5,1.0
Glaceon,Ice,,525,65,60,110,130,95,65,4,False,25.9,0.8
Gliscor,Ground,Flying,510,75,95,125,45,75,95,4,False,42.5,2.0
Mamoswine,Ice,Ground,530,110,130,80,70,60,80,4,False,291.0,2.5
Porygon-Z,Normal,,535,85,80,70,135,75,90,4,False,34.0,0.9
Gallade,Psychic,Fighting,518,68,125,65,65,115,80,4,False,52.0,1.6
GalladeMega Gallade,Psychic,Fighting,618,68,165,95,65,115,110,4,False,,NaN
Probopass,Rock,Steel,525,60,55,145,75,150,40,4,False,340.0,1.4
Dusknoir,Ghost,,525,45,100,135,65,135,45,4,False,106.6,2.2
Froslass,Ice,Ghost,480,70,80,70,80,70,110,4,False,26.6,1.3
Rotom,Electric,Ghost,440,50,50,77,95,77,91,4,False,0.3,0.3
RotomHeat Rotom,Electric,Fire,520,50,65,107,105,107,86,4,False,,NaN
RotomWash Rotom,Electric,Water,520,50,65,107,105,107,86,4,False,,NaN
RotomFrost Rotom,Electric,Ice,520,50,65,107,105,107,86,4,False,,NaN
RotomFan Rotom,Electric,Flying,520,50,65,107,105,107,86,4,False,,NaN
RotomMow Rotom,Electric,Grass,520,50,65,107,105,107,86,4,False,,NaN
Uxie,Psychic,,580,75,75,130,75,130,95,4,True,0.3,0.3
Mesprit,Psychic,,580,80,105,105,105,105,80,4,True,0.3,0.3
Azelf,Psychic,,580,75,125,70,125,70,115,4,True,0.3,0.3
Dialga,Steel,Dragon,680,100,120,120,150,100,90,4,True,683.0,5.4
Palkia,Water,Dragon,680,90,120,100,150,120,100,4,True,336.0,4.2
Heatran,Fire,Steel,600,91,90,106,130,106,77,4,True,430.0,1.7
Regigigas,Normal,,670,110,160,110,80,110,100,4,True,420.0,3.7
GiratinaAltered Forme,Ghost,Dragon,680,150,100,120,100,120,90,4,True,,NaN
GiratinaOrigin Forme,Ghost,Dragon,680,150,120,100,120,100,90,4,True,,NaN
Cresselia,Psychic,,600,120,70,120,75,130,85,4,False,85.6,1.5
Phione,Water,,480,80,80,80,80,80,80,4,False,3.1,0.4
Manaphy,Water,,600,100,100,100,100,100,100,4,False,1.4,0.3
Darkrai,Dark,,600,70,90,90,135,90,125,4,True,50.5,1.5
ShayminLand Forme,Grass,,600,100,100,100,100,100,100,4,True,,NaN
ShayminSky Forme,Grass,Flying,600,100,103,75,120,75,127,4,True,,NaN
Arceus,Normal,,720,120,120,120,120,120,120,4,True,320.0,3.2
Victini,Psychic,Fire,600,100,100,100,100,100,100,5,True,4.0,0.4
Snivy,Grass,,308,45,45,55,45,55,63,5,False,8.1,0.6
Servine,Grass,,413,60,60,75,60,75,83,5,False,16.0,0.8
Serperior,Grass,,528,75,75,95,75,95,113,5,False,63.0,3.3
Tepig,Fire,,308,65,63,45,45,45,45,5,False,9.9,0.5
Pignite,Fire,Fighting,418,90,93,55,70,55,55,5,False,55.5,1.0
Emboar,Fire,Fighting,528,110,123,65,100,65,65,5,False,150.0,1.6
Oshawott,Water,,308,55,55,45,63,45,45,5,False,5.9,0.5
Dewott,Water,,413,75,75,60,83,60,60,5,False,24.5,0.8
Samurott,Water,,528,95,100,85,108,70,70,5,False,94.6,1.5
Patrat,Normal,,255,45,55,39,35,39,42,5,False,11.6,0.5
Watchog,Normal,,420,60,85,69,60,69,77,5,False,27.0,1.1
Lillipup,Normal,,275,45,60,45,25,45,55,5,False,4.1,0.4
Herdier,Normal,,370,65,80,65,35,65,60,5,False,14.7,0.9
Stoutland,Normal,,500,85,110,90,45,90,80,5,False,61.0,1.2
Purrloin,Dark,,281,41,50,37,50,37,66,5,False,10.1,0.4
Liepard,Dark,,446,64,88,50,88,50,106,5,False,37.5,1.1
Pansage,Grass,,316,50,53,48,53,48,64,5,False,10.5,0.6
Simisage,Grass,,498,75,98,63,98,63,101,5,False,30.5,1.1
Pansear,Fire,,316,50,53,48,53,48,64,5,False,11.0,0.6
Simisear,Fire,,498,75,98,63,98,63,101,5,False,28.0,1.0
Panpour,Water,,316,50,53,48,53,48,64,5,False,13.5,0.6
Simipour,Water,,498,75,98,63,98,63,101,5,False,29.0,1.0
Munna,Psychic,,292,76,25,45,67,55,24,5,False,23.3,0.6
Musharna,Psychic,,487,116,55,85,107,95,29,5,False,60.5,1.1
Pidove,Normal,Flying,264,50,55,50,36,30,43,5,False,2.1,0.3
Tranquill,Normal,Flying,358,62,77,62,50,42,65,5,False,15.0,0.6
Unfezant,Normal,Flying,488,80,115,80,65,55,93,5,False,29.0,1.2
Blitzle,Electric,,295,45,60,32,50,32,76,5,False,29.8,0.8
Zebstrika,Electric,,497,75,100,63,80,63,116,5,False,79.5,1.6
Roggenrola,Rock,,280,55,75,85,25,25,15,5,False,18.0,0.4
Boldore,Rock,,390,70,105,105,50,40,20,5,False,102.0,0.9
Gigalith,Rock,,515,85,135,130,60,80,25,5,False,260.0,1.7
Woobat,Psychic,Flying,313,55,45,43,55,43,72,5,False,2.1,0.4
Swoobat,Psychic,Flying,425,67,57,55,77,55,114,5,False,10.5,0.9
Drilbur,Ground,,328,60,85,40,30,45,68,5,False,8.5,0.3
Excadrill,Ground,Steel,508,110,135,60,50,65,88,5,False,40.4,0.7
Audino,Normal,,445,103,60,86,60,86,50,5,False,31.0,1.1
AudinoMega Audino,Normal,Fairy,545,103,60,126,80,126,50,5,False,,NaN
Timburr,Fighting,,305,75,80,55,25,35,35,5,False,12.5,0.6
Gurdurr,Fighting,,405,85,105,85,40,50,40,5,False,40.0,1.2
Conkeldurr,Fighting,,505,105,140,95,55,65,45,5,False,87.0,1.4
Tympole,Water,,294,50,50,40,50,40,64,5,False,4.5,0.5
Palpitoad,Water,Ground,384,75,65,55,65,55,69,5,False,17.0,0.8
Seismitoad,Water,Ground,509,105,95,75,85,75,74,5,False,62.0,1.5
Throh,Fighting,,465,120,100,85,30,85,45,5,False,55.5,1.3
Sawk,Fighting,,465,75,125,75,30,75,85,5,False,51.0,1.4
Sewaddle,Bug,Grass,310,45,53,70,40,60,42,5,False,2.5,0.3
Swadloon,Bug,Grass,380,55,63,90,50,80,42,5,False,7.3,0.5
Leavanny,Bug,Grass,500,75,103,80,70,80,92,5,False,20.5,1.2
Venipede,Bug,Poison,260,30,45,59,30,39,57,5,False,5.3,0.4
Whirlipede,Bug,Poison,360,40,55,99,40,79,47,5,False,58.5,1.2
Scolipede,Bug,Poison,485,60,100,89,55,69,112,5,False,200.5,2.5
Cottonee,Grass,Fairy,280,40,27,60,37,50,66,5,False,0.6,0.3
Whimsicott,Grass,Fairy,480,60,67,85,77,75,116,5,False,6.6,0.7
Petilil,Grass,,280,45,35,50,70,50,30,5,False,6.6,0.5
Lilligant,Grass,,480,70,60,75,110,75,90,5,False,16.3,1.1
Basculin,Water,,460,70,92,65,80,55,98,5,False,18.0,1.0
Sandile,Ground,Dark,292,50,72,35,35,35,65,5,False,15.2,0.7
Krokorok,Ground,Dark,351,60,82,45,45,45,74,5,False,33.4,1.0
Krookodile,Ground,Dark,519,95,117,80,65,70,92,5,False,96.3,1.5
Darumaka,Fire,,315,70,90,45,15,45,50,5,False,37.5,0.6
DarmanitanStandard Mode,Fire,,480,105,140,55,30,55,95,5,False,,NaN
DarmanitanZen Mode,Fire,Psychic,540,105,30,105,140,105,55,5,False,,NaN
Maractus,Grass,,461,75,86,67,106,67,60,5,False,28.0,1.0
Dwebble,Bug,Rock,325,50,65,85,35,35,55,5,False,14.5,0.3
Crustle,Bug,Rock,475,70,95,125,65,75,45,5,False,200.0,1.4
Scraggy,Dark,Fighting,348,50,75,70,35,70,48,5,False,11.8,0.6
Scrafty,Dark,Fighting,488,65,90,115,45,115,58,5,False,30.0,1.1
Sigilyph,Psychic,Flying,490,72,58,80,103,80,97,5,False,14.0,1.4
Yamask,Ghost,,303,38,30,85,55,65,30,5,False,1.5,0.5
Cofagrigus,Ghost,,483,58,50,145,95,105,30,5,False,76.5,1.7
Tirtouga,Water,Rock,355,54,78,103,53,45,22,5,False,16.5,0.7
Carracosta,Water,Rock,495,74,108,133,83,65,32,5,False,81.0,1.2
Archen,Rock,Flying,401,55,112,45,74,45,70,5,False,9.5,0.5
Archeops,Rock,Flying,567,75,140,65,112,65,110,5,False,32.0,1.4
Trubbish,Poison,,329,50,50,62,40,62,65,5,False,31.0,0.6
Garbodor,Poison,,474,80,95,82,60,82,75,5,False,107.3,1.9
Zorua,Dark,,330,40,65,40,80,40,65,5,False,12.5,0.7
Zoroark,Dark,,510,60,105,60,120,60,105,5,False,81.1,1.6
Minccino,Normal,,300,55,50,40,40,40,75,5,False,5.8,0.4
Cinccino,Normal,,470,75,95,60,65,60,115,5,False,7.5,0.5
Gothita,Psychic,,290,45,30,50,55,65,45,5,False,5.8,0.4
Gothorita,Psychic,,390,60,45,70,75,85,55,5,False,18.0,0.7
Gothitelle,Psychic,,490,70,55,95,95,110,65,5,False,44.0,1.5
Solosis,Psychic,,290,45,30,40,105,50,20,5,False,1.0,0.3
Duosion,Psychic,,370,65,40,50,125,60,30,5,False,8.0,0.6
Reuniclus,Psychic,,490,110,65,75,125,85,30,5,False,20.1,1.0
Ducklett,Water,Flying,305,62,44,50,44,50,55,5,False,5.5,0.5
Swanna,Water,Flying,473,75,87,63,87,63,98,5,False,24.2,1.3
Vanillite,Ice,,305,36,50,50,65,60,44,5,False,5.7,0.4
Vanillish,Ice,,395,51,65,65,80,75,59,5,False,41.0,1.1
Vanilluxe,Ice,,535,71,95,85,110,95,79,5,False,57.5,1.3
Deerling,Normal,Grass,335,60,60,50,40,50,75,5,False,19.5,0.6
Sawsbuck,Normal,Grass,475,80,100,70,60,70,95,5,False,92.5,1.9
Emolga,Electric,Flying,428,55,75,60,75,60,103,5,False,5.0,0.4
Karrablast,Bug,,315,50,75,45,40,45,60,5,False,5.9,0.5
Escavalier,Bug,Steel,495,70,135,105,60,105,20,5,False,33.0,1.0
Foongus,Grass,Poison,294,69,55,45,55,55,15,5,False,1.0,0.2
Amoonguss,Grass,Poison,464,114,85,70,85,80,30,5,False,10.5,0.6
Frillish,Water,Ghost,335,55,40,50,65,85,40,5,False,33.0,1.2
Jellicent,Water,Ghost,480,100,60,70,85,105,60,5,False,135.0,2.2
Alomomola,Water,,470,165,75,80,40,45,65,5,False,31.6,1.2
Joltik,Bug,Electric,319,50,47,50,57,50,65,5,False,0.6,0.1
Galvantula,Bug,Electric,472,70,77,60,97,60,108,5,False,14.3,0.8
Ferroseed,Grass,Steel,305,44,50,91,24,86,10,5,False,18.8,0.6
Ferrothorn,Grass,Steel,489,74,94,131,54,116,20,5,False,110.0,1.0
Klink,Steel,,300,40,55,70,45,60,30,5,False,21.0,0.3
Klang,Steel,,440,60,80,95,70,85,50,5,False,51.0,0.6
Klinklang,Steel,,520,60,100,115,70,85,90,5,False,81.0,0.6
Tynamo,Electric,,275,35,55,40,45,40,60,5,False,0.3,0.2
Eelektrik,Electric,,405,65,85,70,75,70,40,5,False,22.0,1.2
Eelektross,Electric,,515,85,115,80,105,80,50,5,False,85.5,2.1
Elgyem,Psychic,,335,55,55,55,85,55,30,5,False,9.0,0.5
Beheeyem,Psychic,,485,75,75,75,125,95,40,5,False,34.5,1.0
Litwick,Ghost,Fire,275,50,30,55,65,55,20,5,False,3.1,0.3
Lampent,Ghost,Fire,370,60,40,60,95,60,55,5,False,13.0,0.6
Chandelure,Ghost,Fire,520,60,55,90,145,90,80,5,False,34.3,1.0
Axew,Dragon,,320,46,87,60,30,40,57,5,False,18.0,0.6
Fraxure,Dragon,,410,66,117,70,40,50,67,5,False,36.0,1.0
Haxorus,Dragon,,540,76,147,90,60,70,97,5,False,105.5,1.8
Cubchoo,Ice,,305,55,70,40,60,40,40,5,False,8.5,0.5
Beartic,Ice,,485,95,110,80,70,80,50,5,False,260.0,2.6
Cryogonal,Ice,,485,70,50,30,95,135,105,5,False,148.0,1.1
Shelmet,Bug,,305,50,40,85,40,65,25,5,False,7.7,0.4
Accelgor,Bug,,495,80,70,40,100,60,145,5,False,25.3,0.8
Stunfisk,Ground,Electric,471,109,66,84,81,99,32,5,False,11.0,0.7
Mienfoo,Fighting,,350,45,85,50,55,50,65,5,False,20.0,0.9
Mienshao,Fighting,,510,65,125,60,95,60,105,5,False,35.5,1.4
Druddigon,Dragon,,485,77,120,90,60,90,48,5,False,139.0,1.6
Golett,Ground,Ghost,303,59,74,50,35,50,35,5,False,92.0,1.0
Golurk,Ground,Ghost,483,89,124,80,55,80,55,5,False,330.0,2.8
Pawniard,Dark,Steel,340,45,85,70,40,40,60,5,False,10.2,0.5
Bisharp,Dark,Steel,490,65,125,100,60,70,70,5,False,70.0,1.6
Bouffalant,Normal,,490,95,110,95,40,95,55,5,False,94.6,1.6
Rufflet,Normal,Flying,350,70,83,50,37,50,60,5,False,10.5,0.5
Braviary,Normal,Flying,510,100,123,75,57,75,80,5,False,41.0,1.5
Vullaby,Dark,Flying,370,70,55,75,45,65,60,5,False,9.0,0.5
Mandibuzz,Dark,Flying,510,110,65,105,55,95,80,5,False,39.5,1.2
Heatmor,Fire,,484,85,97,66,105,66,65,5,False,58.0,1.4
Durant,Bug,Steel,484,58,109,112,48,48,109,5,False,33.0,0.3
Deino,Dark,Dragon,300,52,65,50,45,50,38,5,False,17.3,0.8
Zweilous,Dark,Dragon,420,72,85,70,65,70,58,5,False,50.0,1.4
Hydreigon,Dark,Dragon,600,92,105,90,125,90,98,5,False,160.0,1.8
Larvesta,Bug,Fire,360,55,85,55,50,55,60,5,False,28.8,1.1
Volcarona,Bug,Fire,550,85,60,65,135,105,100,5,False,46.0,1.6
Cobalion,Steel,Fighting,580,91,90,129,90,72,108,5,True,250.0,2.1
Terrakion,Rock,Fighting,580,91,129,90,72,90,108,5,True,260.0,1.9
Virizion,Grass,Fighting,580,91,90,72,90,129,108,5,True,200.0,2.0
TornadusIncarnate Forme,Flying,,580,79,115,70,125,80,111,5,True,,NaN
TornadusTherian Forme,Flying,,580,79,100,80,110,90,121,5,True,,NaN
ThundurusIncarnate Forme,Electric,Flying,580,79,115,70,125,80,111,5,True,,NaN
ThundurusTherian Forme,Electric,Flying,580,79,105,70,145,80,101,5,True,,NaN
Reshiram,Dragon,Fire,680,100,120,100,150,120,90,5,True,330.0,3.2
Zekrom,Dragon,Electric,680,100,150,120,120,100,90,5,True,345.0,2.9
LandorusIncarnate Forme,Ground,Flying,600,89,125,90,115,80,101,5,True,,NaN
LandorusTherian Forme,Ground,Flying,600,89,145,90,105,80,91,5,True,,NaN
Kyurem,Dragon,Ice,660,125,130,90,130,90,95,5,True,325.0,3.0
KyuremBlack Kyurem,Dragon,Ice,700,125,170,100,120,90,95,5,True,,NaN
KyuremWhite Kyurem,Dragon,Ice,700,125,120,90,170,100,95,5,True,,NaN
KeldeoOrdinary Forme,Water,Fighting,580,91,72,90,129,90,108,5,False,,NaN
KeldeoResolute Forme,Water,Fighting,580,91,72,90,129,90,108,5,False,,NaN
MeloettaAria Forme,Normal,Psychic,600,100,77,77,128,128,90,5,False,,NaN
MeloettaPirouette Forme,Normal,Fighting,600,100,128,90,77,77,128,5,False,,NaN
Genesect,Bug,Steel,600,71,120,95,120,95,99,5,False,82.5,1.5
Chespin,Grass,,313,56,61,65,48,45,38,6,False,9.0,0.4
Quilladin,Grass,,405,61,78,95,56,58,57,6,False,29.0,0.7
Chesnaught,Grass,Fighting,530,88,107,122,74,75,64,6,False,90.0,1.6
Fennekin,Fire,,307,40,45,40,62,60,60,6,False,9.4,0.4
Braixen,Fire,,409,59,59,58,90,70,73,6,False,14.5,1.0
Delphox,Fire,Psychic,534,75,69,72,114,100,104,6,False,39.0,1.5
Froakie,Water,,314,41,56,40,62,44,71,6,False,7.0,0.3
Frogadier,Water,,405,54,63,52,83,56,97,6,False,10.9,0.6
Greninja,Water,Dark,530,72,95,67,103,71,122,6,False,40.0,1.5
Bunnelby,Normal,,237,38,36,38,32,36,57,6,False,5.0,0.4
Diggersby,Normal,Ground,423,85,56,77,50,77,78,6,False,42.4,1.0
Fletchling,Normal,Flying,278,45,50,43,40,38,62,6,False,1.7,0.3
Fletchinder,Fire,Flying,382,62,73,55,56,52,84,6,False,16.0,0.7
Talonflame,Fire,Flying,499,78,81,71,74,69,126,6,False,24.5,1.2
Scatterbug,Bug,,200,38,35,40,27,25,35,6,False,2.5,0.3
Spewpa,Bug,,213,45,22,60,27,30,29,6,False,8.4,0.3
Vivillon,Bug,Flying,411,80,52,50,90,50,89,6,False,17.0,1.2
Litleo,Fire,Normal,369,62,50,58,73,54,72,6,False,13.5,0.6
Pyroar,Fire,Normal,507,86,68,72,109,66,106,6,False,81.5,1.5
Flabébé,Fairy,,303,44,38,39,61,79,42,6,False,0.1,0.1
Floette,Fairy,,371,54,45,47,75,98,52,6,False,0.9,0.2
Florges,Fairy,,552,78,65,68,112,154,75,6,False,10.0,1.1
Skiddo,Grass,,350,66,65,48,62,57,52,6,False,31.0,0.9
Gogoat,Grass,,531,123,100,62,97,81,68,6,False,91.0,1.7
Pancham,Fighting,,348,67,82,62,46,48,43,6,False,8.0,0.6
Pangoro,Fighting,Dark,495,95,124,78,69,71,58,6,False,136.0,2.1
Furfrou,Normal,,472,75,80,60,65,90,102,6,False,28.0,1.2
Espurr,Psychic,,355,62,48,54,63,60,68,6,False,3.5,0.3
MeowsticMale,Psychic,,466,74,48,76,83,81,104,6,False,,NaN
MeowsticFemale,Psychic,,466,74,48,76,83,81,104,6,False,,NaN
Honedge,Steel,Ghost,325,45,80,100,35,37,28,6,False,2.0,0.8
Doublade,Steel,Ghost,448,59,110,150,45,49,35,6,False,4.5,0.8
AegislashBlade Forme,Steel,Ghost,520,60,150,50,150,50,60,6,False,,NaN
AegislashShield Forme,Steel,Ghost,520,60,50,150,50,150,60,6,False,,NaN
Spritzee,Fairy,,341,78,52,60,63,65,23,6,False,0.5,0.2
Aromatisse,Fairy,,462,101,72,72,99,89,29,6,False,15.5,0.8
Swirlix,Fairy,,341,62,48,66,59,57,49,6,False,3.5,0.4
Slurpuff,Fairy,,480,82,80,86,85,75,72,6,False,5.0,0.8
Inkay,Dark,Psychic,288,53,54,53,37,46,45,6,False,3.5,0.4
Malamar,Dark,Psychic,482,86,92,88,68,75,73,6,False,47.0,1.5
Binacle,Rock,Water,306,42,52,67,39,56,50,6,False,31.0,0.5
Barbaracle,Rock,Water,500,72,105,115,54,86,68,6,False,96.0,1.3
Skrelp,Poison,Water,320,50,60,60,60,60,30,6,False,7.3,0.5
Dragalge,Poison,Dragon,494,65,75,90,97,123,44,6,False,81.5,1.8
Clauncher,Water,,330,50,53,62,58,63,44,6,False,8.3,0.5
Clawitzer,Water,,500,71,73,88,120,89,59,6,False,35.3,1.3
Helioptile,Electric,Normal,289,44,38,33,61,43,70,6,False,6.0,0.5
Heliolisk,Electric,Normal,481,62,55,52,109,94,109,6,False,21.0,1.0
Tyrunt,Rock,Dragon,362,58,89,77,45,45,48,6,False,26.0,0.8
Tyrantrum,Rock,Dragon,521,82,121,119,69,59,71,6,False,270.0,2.5
Amaura,Rock,Ice,362,77,59,50,67,63,46,6,False,25.2,1.3
Aurorus,Rock,Ice,521,123,77,72,99,92,58,6,False,225.0,2.7
Sylveon,Fairy,,525,95,65,65,110,130,60,6,False,23.5,1.0
Hawlucha,Fighting,Flying,500,78,92,75,74,63,118,6,False,21.5,0.8
Dedenne,Electric,Fairy,431,67,58,57,81,67,101,6,False,2.2,0.2
Carbink,Rock,Fairy,500,50,50,150,50,150,50,6,False,5.7,0.3
Goomy,Dragon,,300,45,50,35,55,75,40,6,False,2.8,0.3
Sliggoo,Dragon,,452,68,75,53,83,113,60,6,False,17.5,0.8
Goodra,Dragon,,600,90,100,70,110,150,80,6,False,150.5,2.0
Klefki,Steel,Fairy,470,57,80,91,80,87,75,6,False,3.0,0.2
Phantump,Ghost,Grass,309,43,70,48,50,60,38,6,False,7.0,0.4
Trevenant,Ghost,Grass,474,85,110,76,65,82,56,6,False,71.0,1.5
PumpkabooAverage Size,Ghost,Grass,335,49,66,70,44,55,51,6,False,,NaN
PumpkabooSmall Size,Ghost,Grass,335,44,66,70,44,55,56,6,False,,NaN
PumpkabooLarge Size,Ghost,Grass,335,54,66,70,44,55,46,6,False,,NaN
PumpkabooSuper Size,Ghost,Grass,335,59,66,70,44,55,41,6,False,,NaN
GourgeistAverage Size,Ghost,Grass,494,65,90,122,58,75,84,6,False,,NaN
GourgeistSmall Size,Ghost,Grass,494,55,85,122,58,75,99,6,False,,NaN
GourgeistLarge Size,Ghost,Grass,494,75,95,122,58,75,69,6,False,,NaN
GourgeistSuper Size,Ghost,Grass,494,85,100,122,58,75,54,6,False,,NaN
Bergmite,Ice,,304,55,69,85,32,35,28,6,False,99.5,1.0
Avalugg,Ice,,514,95,117,184,44,46,28,6,False,505.0,2.0
Noibat,Flying,Dragon,245,40,30,35,45,40,55,6,False,8.0,0.5
Noivern,Flying,Dragon,535,85,70,80,97,80,123,6,False,85.0,1.5
Xerneas,Fairy,,680,126,131,95,131,98,99,6,True,215.0,3.0
Yveltal,Dark,Flying,680,126,131,95,131,98,99,6,True,203.0,5.8
Zygarde50% Forme,Dragon,Ground,600,108,100,121,81,95,95,6,True,,NaN
Diancie,Rock,Fairy,600,50,100,150,100,150,50,6,True,8.8,0.7
DiancieMega Diancie,Rock,Fairy,700,50,160,110,160,110,110,6,True,,NaN
HoopaHoopa Confined,Psychic,Ghost,600,80,110,60,150,130,70,6,True,,NaN
HoopaHoopa Unbound,Psychic,Dark,680,80,160,60,170,130,80,6,True,,NaN
Volcanion,Fire,Water,600,80,110,120,130,90,70,6,True,195.0,1.7
